0,0
4,0
8,0
12,0
16,8
20,8
24,8
28,8
32,16
36,16
40,16
44,16
48,24
52,24
56,24
60,24
64,1
68,1
72,1
76,1
80,9
84,9
88,9
92,9
96,17
100,17
104,17
108,17
112,25
116,25
120,25
124,25
128,2
132,2
136,2
140,2
144,10
148,10
152,10
156,10
160,18
164,18
168,18
172,18
176,26
180,26
184,26
188,26
192,3
208,11
224,19
240,27
256,4
272,12
288,20
304,28
320,5
324,5
328,5
332,5
336,13
340,13
344,13
348,13
352,21
368,29
384,6
388,6
392,6
396,6
400,14
404,14
408,14
412,14
416,22
420,22
424,22
428,22
432,30
436,30
440,30
444,30
448,7
452,7
456,7
460,7
464,15
468,15
472,15
476,15
480,23
496,31
512,1
528,9
544,17
560,25
576,2
592,10
608,18
624,26
640,3
656,11
672,19
688,27
704,4
720,12
736,20
752,28
768,5
784,13
800,21
816,29
832,6
848,14
864,22
880,30
896,7
900,7
904,7
912,15
928,23
944,31
960,0
976,8
992,16
1008,24
1024,2
1040,10
1056,18
1072,26
1088,3
1104,11
1120,19
1136,27
1152,4
1168,12
1184,20
1200,28
1216,5
1232,13
1248,21
1264,29
1280,6
1296,14
1312,22
1328,30
1344,7
1360,15
1376,23
1392,31
1408,0
1412,0
1416,0
1424,8
1440,16
1456,24
1472,1
1488,9
1504,17
1520,25
1536,3
1552,11
1568,19
1584,27
1600,4
1616,12
1632,20
1648,28
1664,5
1680,13
1696,21
1712,29
1728,6
1744,14
1760,22
1776,30
1792,7
1808,15
1824,23
1840,31
1856,0
1872,8
1888,16
1904,24
1920,1
1924,1
1928,1
1932,1
1936,9
1940,9
1944,9
1948,9
1952,17
1968,25
1984,2
2000,10
2016,18
2032,26
2048,4
2052,4
2056,4
2060,4
2064,12
2068,12
2072,12
2076,12
2080,20
2084,20
2096,28
2112,5
2128,13
2144,21
2160,29
2176,6
2192,14
2208,22
2224,30
2240,7
2244,7
2248,7
2252,7
2256,15
2260,15
2264,15
2268,15
2272,23
2276,23
2280,23
2284,23
2288,31
2292,31
2296,31
2300,31
2304,0
2320,8
2336,16
2352,24
2368,1
2384,9
2400,17
2416,25
2432,2
2436,2
2440,2
2448,10
2464,18
2480,26
2496,3
2512,11
2528,19
2544,27
2560,5
2576,13
2592,21
2608,29
2624,6
2640,14
2656,22
2672,30
2688,7
2692,7
2696,7
2700,7
2704,15
2708,15
2720,23
2736,31
2752,0
2768,8
2784,16
2800,24
2816,1
2820,1
2824,1
2828,1
2832,9
2836,9
2848,17
2864,25
2880,2
2896,10
2912,18
2928,26
2944,3
2960,11
2976,19
2992,27
3008,4
3024,12
3040,20
3056,28
3072,6
3088,14
3104,22
3120,30
3136,7
3152,15
3168,23
3184,31
3200,0
3216,8
3232,16
3248,24
3264,1
3268,1
3280,9
3296,17
3312,25
3328,2
3344,10
3360,18
3376,26
3392,3
3408,11
3424,19
3440,27
3456,4
3472,12
3488,20
3504,28
3520,5
3536,13
3552,21
3568,29
3584,7
3600,15
3616,23
3632,31
3648,0
3664,8
3680,16
3696,24
3712,1
3728,9
3744,17
3760,25
3776,2
3792,10
3808,18
3824,26
3840,3
3844,3
3848,3
3852,3
3856,11
3860,11
3864,11
3868,11
3872,19
3876,19
3880,19
3884,19
3888,27
3892,27
3896,27
3900,27
3904,4
3908,4
3912,4
3916,4
3920,12
3924,12
3928,12
3932,12
3936,20
3940,20
3944,20
3948,20
3952,28
3956,28
3960,28
3964,28
3968,5
3984,13
4000,21
4016,29
4032,6
4036,6
4040,6
4044,6
4048,14
4064,22
4080,30
4096,0
4100,0
4104,0
4108,0
4112,8
4128,16
4144,24
4160,1
4176,9
4192,17
4208,25
4224,2
4240,10
4256,18
4272,26
4288,3
4304,11
4320,19
4336,27
4352,4
4368,12
4384,20
4400,28
4416,5
4432,13
4448,21
4464,29
4480,6
4496,14
4512,22
4528,30
4544,7
4560,15
4576,23
4592,31
4608,1
4624,9
4640,17
4656,25
4672,2
4688,10
4704,18
4720,26
4736,3
4752,11
4768,19
4784,27
4800,4
4816,12
4832,20
4848,28
4864,5
4880,13
4896,21
4912,29
4928,6
4944,14
4960,22
4976,30
4992,7
5008,15
5024,23
5040,31
5056,0
5072,8
5088,16
5104,24
5120,2
5136,10
5152,18
5168,26
5184,3
5200,11
5216,19
5232,27
5248,4
5264,12
5280,20
5296,28
5312,5
5328,13
5344,21
5360,29
5376,6
5392,14
5408,22
5424,30
5440,7
5456,15
5472,23
5488,31
5504,0
5508,0
5512,0
5516,0
5520,8
5524,8
5528,8
5532,8
5536,16
5552,24
5568,1
5572,1
5584,9
5600,17
5616,25
5632,3
5648,11
5664,19
5680,27
5696,4
5712,12
5728,20
5744,28
5760,5
5776,13
5792,21
5808,29
5824,6
5840,14
5856,22
5872,30
5888,7
5904,15
5920,23
5936,31
5952,0
5956,0
5960,0
5964,0
5968,8
5984,16
6000,24
6016,1
6032,9
6048,17
6064,25
6080,2
6096,10
6112,18
6128,26
6144,4
6160,12
6176,20
6192,28
6208,5
6224,13
6240,21
6256,29
6272,6
6288,14
6304,22
6320,30
6336,7
6352,15
6368,23
6384,31
6400,0
6416,8
6432,16
6448,24
6464,1
6468,1
6480,9
6496,17
6512,25
6528,2
6544,10
6560,18
6576,26
6592,3
6608,11
6624,19
6640,27
6656,5
6660,5
6672,13
6688,21
6704,29
6720,6
6736,14
6752,22
6768,30
6784,7
6800,15
6816,23
6832,31
6848,0
6864,8
6880,16
6896,24
6912,1
6928,9
6944,17
6960,25
6976,2
6992,10
7008,18
7024,26
7040,3
7056,11
7072,19
7088,27
7104,4
7120,12
7136,20
7152,28
7168,6
7184,14
7200,22
7216,30
7232,7
7248,15
7264,23
7280,31
7296,0
7300,0
7304,0
7308,0
7312,8
7316,8
7320,8
7324,8
7328,16
7344,24
7360,1
7376,9
7392,17
7408,25
7424,2
7440,10
7456,18
7472,26
7488,3
7504,11
7520,19
7536,27
7552,4
7556,4
7560,4
7564,4
7568,12
7584,20
7600,28
7616,5
7620,5
7624,5
7628,5
7632,13
7648,21
7664,29
7680,7
7684,7
7688,7
7692,7
7696,15
7712,23
7728,31
7744,0
7760,8
7776,16
7792,24
7808,1
7824,9
7840,17
7856,25
7872,2
7888,10
7904,18
7920,26
7936,3
7940,3
7944,3
7948,3
7952,11
7956,11
7960,11
7964,11
7968,19
7972,19
7976,19
7980,19
7984,27
7988,27
7992,27
7996,27
8000,4
8004,4
8008,4
8012,4
8016,12
8020,12
8024,12
8028,12
8032,20
8036,20
8040,20
8044,20
8048,28
8052,28
8056,28
8060,28
8064,5
8068,5
8072,5
8076,5
8080,13
8084,13
8088,13
8092,13
8096,21
8100,21
8104,21
8108,21
8112,29
8116,29
8120,29
8124,29
8128,6
8132,6
8136,6
8140,6
8144,14
8148,14
8152,14
8156,14
8160,22
8164,22
8168,22
8172,22
8176,30
8180,30
8184,30
8188,30
8192,0
8208,8
8224,16
8240,24
8256,1
8272,9
8288,17
8304,25
8320,2
8324,2
8328,2
8332,2
8336,10
8340,10
8344,10
8348,10
8352,18
8368,26
8384,3
8400,11
8416,19
8432,27
8448,4
8464,12
8480,20
8496,28
8512,5
8528,13
8544,21
8560,29
8576,6
8580,6
8584,6
8588,6
8592,14
8596,14
8600,14
8604,14
8608,22
8624,30
8640,7
8644,7
8656,15
8672,23
8688,31
8704,1
8720,9
8736,17
8752,25
8768,2
8784,10
8800,18
8816,26
8832,3
8848,11
8864,19
8880,27
8896,4
8912,12
8928,20
8944,28
8960,5
8976,13
8992,21
9008,29
9024,6
9040,14
9056,22
9072,30
9088,7
9104,15
9120,23
9136,31
9152,0
9168,8
9184,16
9200,24
9216,2
9232,10
9248,18
9264,26
9280,3
9296,11
9312,19
9328,27
9344,4
9360,12
9376,20
9392,28
9408,5
9424,13
9440,21
9456,29
9472,6
9488,14
9504,22
9520,30
9536,7
9552,15
9568,23
9584,31
9600,0
9616,8
9632,16
9648,24
9664,1
9680,9
9696,17
9712,25
9728,3
9744,11
9760,19
9776,27
9792,4
9808,12
9824,20
9840,28
9856,5
9872,13
9888,21
9904,29
9920,6
9936,14
9952,22
9968,30
9984,7
9988,7
9992,7
9996,7
10000,15
10004,15
10008,15
10012,15
10016,23
10032,31
10048,0
10052,0
10064,8
10080,16
10096,24
10112,1
10128,9
10144,17
10160,25
10176,2
10192,10
10208,18
10224,26
10240,4
10256,12
10272,20
10288,28
10304,5
10320,13
10336,21
10352,29
10368,6
10384,14
10400,22
10416,30
10432,7
10448,15
10464,23
10480,31
10496,0
10500,0
10512,8
10528,16
10544,24
10560,1
10576,9
10592,17
10608,25
10624,2
10640,10
10656,18
10672,26
10688,3
10704,11
10720,19
10736,27
10752,5
10768,13
10784,21
10800,29
10816,6
10832,14
10848,22
10864,30
10880,7
10896,15
10912,23
10928,31
10944,0
10948,0
10960,8
10976,16
10992,24
11008,1
11012,1
11016,1
11020,1
11024,9
11040,17
11056,25
11072,2
11076,2
11080,2
11084,2
11088,10
11104,18
11120,26
11136,3
11152,11
11168,19
11184,27
11200,4
11204,4
11208,4
11212,4
11216,12
11220,12
11224,12
11228,12
11232,20
11236,20
11240,20
11244,20
11248,28
11252,28
11256,28
11260,28
11264,6
11268,6
11272,6
11276,6
11280,14
11296,22
11312,30
11328,7
11344,15
11360,23
11376,31
11392,0
11396,0
11400,0
11404,0
11408,8
11424,16
11440,24
11456,1
11472,9
11488,17
11504,25
11520,2
11524,2
11528,2
11536,10
11552,18
11568,26
11584,3
11588,3
11592,3
11600,11
11616,19
11632,27
11648,4
11652,4
11656,4
11660,4
11664,12
11680,20
11696,28
11712,5
11728,13
11744,21
11760,29
11776,7
11792,15
11808,23
11824,31
11840,0
11856,8
11872,16
11888,24
11904,1
11920,9
11936,17
11952,25
11968,2
11984,10
12000,18
12016,26
12032,3
12048,11
12064,19
12080,27
12096,4
12100,4
12104,4
12108,4
12112,12
12116,12
12120,12
12124,12
12128,20
12132,20
12136,20
12140,20
12144,28
12148,28
12152,28
12156,28
12160,5
12164,5
12168,5
12172,5
12176,13
12180,13
12184,13
12188,13
12192,21
12196,21
12200,21
12204,21
12208,29
12212,29
12216,29
12220,29
12224,6
12240,14
12256,22
12272,30
12288,0
12304,8
12320,16
12336,24
12352,1
12356,1
12368,9
12384,17
12400,25
12416,2
12420,2
12432,10
12448,18
12464,26
12480,3
12496,11
12512,19
12528,27
12544,4
12560,12
12576,20
12592,28
12608,5
12624,13
12640,21
12656,29
12672,6
12688,14
12704,22
12720,30
12736,7
12752,15
12768,23
12784,31
12800,1
12816,9
12832,17
12848,25
12864,2
12880,10
12896,18
12912,26
12928,3
12944,11
12960,19
12976,27
12992,4
13008,12
13024,20
13040,28
13056,5
13060,5
13072,13
13088,21
13104,29
13120,6
13136,14
13152,22
13168,30
13184,7
13200,15
13216,23
13232,31
13248,0
13252,0
13256,0
13260,0
13264,8
13280,16
13296,24
13312,2
13328,10
13344,18
13360,26
13376,3
13392,11
13408,19
13424,27
13440,4
13444,4
13456,12
13472,20
13488,28
13504,5
13520,13
13536,21
13552,29
13568,6
13584,14
13600,22
13616,30
13632,7
13648,15
13664,23
13680,31
13696,0
13712,8
13728,16
13744,24
13760,1
13776,9
13792,17
13808,25
13824,3
13840,11
13856,19
13872,27
13888,4
13904,12
13920,20
13936,28
13952,5
13968,13
13984,21
14000,29
14016,6
14032,14
14048,22
14064,30
14080,7
14096,15
14112,23
14128,31
14144,0
14160,8
14176,16
14192,24
14208,1
14224,9
14240,17
14256,25
14272,2
14288,10
14304,18
14320,26
14336,4
14352,12
14368,20
14384,28
14400,5
14416,13
14432,21
14448,29
14464,6
14480,14
14496,22
14512,30
14528,7
14544,15
14560,23
14576,31
14592,0
14608,8
14624,16
14640,24
14656,1
14672,9
14688,17
14704,25
14720,2
14724,2
14728,2
14736,10
14752,18
14768,26
14784,3
14788,3
14792,3
14800,11
14816,19
14832,27
14848,5
14852,5
14856,5
14864,13
14880,21
14896,29
14912,6
14916,6
14920,6
14928,14
14944,22
14960,30
14976,7
14992,15
15008,23
15024,31
15040,0
15056,8
15072,16
15088,24
15104,1
15120,9
15136,17
15152,25
15168,2
15184,10
15200,18
15216,26
15232,3
15248,11
15264,19
15280,27
15296,4
15312,12
15328,20
15344,28
15360,6
15376,14
15392,22
15408,30
15424,7
15440,15
15456,23
15472,31
15488,0
15504,8
15520,16
15536,24
15552,1
15568,9
15584,17
15600,25
15616,2
15632,10
15648,18
15664,26
15680,3
15696,11
15712,19
15728,27
15744,4
15760,12
15776,20
15792,28
15808,5
15824,13
15840,21
15856,29
15872,7
15888,15
15904,23
15920,31
15936,0
15952,8
15968,16
15984,24
16000,1
16004,1
16008,1
16012,1
16016,9
16020,9
16024,9
16028,9
16032,17
16036,17
16040,17
16044,17
16048,25
16052,25
16056,25
16060,25
16064,2
16068,2
16072,2
16076,2
16080,10
16084,10
16088,10
16092,10
16096,18
16100,18
16104,18
16108,18
16112,26
16116,26
16120,26
16124,26
16128,3
16144,11
16160,19
16176,27
16192,4
16208,12
16224,20
16240,28
16256,5
16272,13
16288,21
16304,29
16320,6
16336,14
16352,22
16368,30
16384,0
16400,8
16416,16
16432,24
16448,1
16464,9
16480,17
16496,25
16512,2
16516,2
16520,2
16524,2
16528,10
16532,10
16536,10
16540,10
16544,18
16560,26
16576,3
16592,11
16608,19
16624,27
16640,4
16656,12
16672,20
16688,28
16704,5
16720,13
16736,21
16752,29
16768,6
16784,14
16800,22
16816,30
16832,7
16836,7
16840,7
16844,7
16848,15
16852,15
16856,15
16860,15
16864,23
16868,23
16872,23
16876,23
16880,31
16884,31
16888,31
16892,31
16896,1
16900,1
16904,1
16908,1
16912,9
16916,9
16920,9
16924,9
16928,17
16932,17
16936,17
16940,17
16944,25
16948,25
16952,25
16956,25
16960,2
16964,2
16968,2
16972,2
16976,10
16980,10
16984,10
16988,10
16992,18
16996,18
17000,18
17004,18
17008,26
17012,26
17016,26
17020,26
17024,3
17028,3
17032,3
17036,3
17040,11
17044,11
17048,11
17052,11
17056,19
17072,27
17088,4
17104,12
17120,20
17136,28
17152,5
17168,13
17184,21
17200,29
17216,6
17232,14
17248,22
17264,30
17280,7
17296,15
17312,23
17328,31
17344,0
17360,8
17376,16
17392,24
17408,2
17424,10
17440,18
17456,26
17472,3
17476,3
17480,3
17484,3
17488,11
17492,11
17496,11
17500,11
17504,19
17508,19
17512,19
17516,19
17520,27
17524,27
17528,27
17532,27
17536,4
17540,4
17544,4
17548,4
17552,12
17556,12
17560,12
17564,12
17568,20
17572,20
17576,20
17580,20
17584,28
17588,28
17592,28
17596,28
17600,5
17616,13
17632,21
17648,29
17664,6
17680,14
17696,22
17712,30
17728,7
17744,15
17760,23
17776,31
17792,0
17808,8
17824,16
17840,24
17856,1
17872,9
17888,17
17904,25
17920,3
17936,11
17952,19
17968,27
17984,4
17988,4
17992,4
17996,4
18000,12
18016,20
18032,28
18048,5
18052,5
18056,5
18060,5
18064,13
18080,21
18096,29
18112,6
18128,14
18144,22
18160,30
18176,7
18192,15
18208,23
18224,31
18240,0
18256,8
18272,16
18288,24
18304,1
18320,9
18336,17
18352,25
18368,2
18384,10
18400,18
18416,26
18432,4
18448,12
18464,20
18480,28
18496,5
18512,13
18528,21
18544,29
18560,6
18576,14
18592,22
18608,30
18624,7
18640,15
18656,23
18672,31
18688,0
18704,8
18720,16
18736,24
18752,1
18768,9
18784,17
18800,25
18816,2
18832,10
18848,18
18864,26
18880,3
18896,11
18912,19
18928,27
18944,5
18960,13
18976,21
18992,29
19008,6
19024,14
19040,22
19056,30
19072,7
19088,15
19104,23
19120,31
19136,0
19152,8
19168,16
19184,24
19200,1
19216,9
19232,17
19248,25
19264,2
19280,10
19296,18
19312,26
19328,3
19344,11
19360,19
19376,27
19392,4
19396,4
19400,4
19404,4
19408,12
19412,12
19416,12
19420,12
19424,20
19428,20
19432,20
19436,20
19440,28
19444,28
19448,28
19452,28
19456,6
19460,6
19464,6
19468,6
19472,14
19476,14
19480,14
19484,14
19488,22
19492,22
19496,22
19500,22
19504,30
19508,30
19512,30
19516,30
19520,7
19536,15
19552,23
19568,31
19584,0
19600,8
19616,16
19632,24
19648,1
19652,1
19664,9
19680,17
19696,25
19712,2
19728,10
19744,18
19760,26
19776,3
19792,11
19808,19
19824,27
19840,4
19856,12
19872,20
19888,28
19904,5
19920,13
19936,21
19952,29
19968,7
19984,15
20000,23
20016,31
20032,0
20048,8
20064,16
20080,24
20096,1
20112,9
20128,17
20144,25
20160,2
20176,10
20192,18
20208,26
20224,3
20228,3
20240,11
20256,19
20272,27
20288,4
20304,12
20320,20
20336,28
20352,5
20368,13
20384,21
20400,29
20416,6
20432,14
20448,22
20464,30
20480,0
20496,8
20512,16
20528,24
20544,1
20560,9
20576,17
20592,25
20608,2
20624,10
20640,18
20656,26
20672,3
20688,11
20704,19
20720,27
20736,4
20752,12
20768,20
20784,28
20800,5
20816,13
20832,21
20848,29
20864,6
20880,14
20896,22
20912,30
20928,7
20944,15
20960,23
20976,31
20992,1
21008,9
21024,17
21040,25
21056,2
21060,2
21064,2
21068,2
21072,10
21076,10
21080,10
21084,10
21088,18
21092,18
21096,18
21100,18
21104,26
21108,26
21112,26
21116,26
21120,3
21124,3
21128,3
21132,3
21136,11
21140,11
21144,11
21148,11
21152,19
21156,19
21160,19
21164,19
21168,27
21172,27
21176,27
21180,27
21184,4
21200,12
21216,20
21232,28
21248,5
21264,13
21280,21
21296,29
21312,6
21328,14
21344,22
21360,30
21376,7
21392,15
21408,23
21424,31
21440,0
21456,8
21472,16
21488,24
21504,2
21508,2
21512,2
21516,2
21520,10
21524,10
21528,10
21532,10
21536,18
21552,26
21568,3
21572,3
21584,11
21600,19
21616,27
21632,4
21648,12
21664,20
21680,28
21696,5
21712,13
21728,21
21744,29
21760,6
21776,14
21792,22
21808,30
21824,7
21828,7
21832,7
21836,7
21840,15
21844,15
21848,15
21852,15
21856,23
21860,23
21864,23
21868,23
21872,31
21876,31
21880,31
21884,31
21888,0
21892,0
21896,0
21900,0
21904,8
21908,8
21912,8
21916,8
21920,16
21924,16
21928,16
21932,16
21936,24
21940,24
21944,24
21948,24
21952,1
21968,9
21984,17
22000,25
22016,3
22032,11
22048,19
22064,27
22080,4
22084,4
22088,4
22092,4
22096,12
22100,12
22104,12
22108,12
22112,20
22116,20
22120,20
22124,20
22128,28
22132,28
22136,28
22140,28
22144,5
22148,5
22152,5
22156,5
22160,13
22164,13
22168,13
22172,13
22176,21
22180,21
22184,21
22188,21
22192,29
22196,29
22200,29
22204,29
22208,6
22224,14
22240,22
22256,30
22272,7
22288,15
22304,23
22320,31
22336,0
22352,8
22368,16
22384,24
22400,1
22416,9
22432,17
22448,25
22464,2
22480,10
22496,18
22512,26
22528,4
22544,12
22560,20
22576,28
22592,5
22608,13
22624,21
22640,29
22656,6
22672,14
22688,22
22704,30
22720,7
22736,15
22752,23
22768,31
22784,0
22800,8
22816,16
22832,24
22848,1
22864,9
22880,17
22896,25
22912,2
22928,10
22944,18
22960,26
22976,3
22992,11
23008,19
23024,27
23040,5
23056,13
23072,21
23088,29
23104,6
23108,6
23112,6
23116,6
23120,14
23124,14
23128,14
23132,14
23136,22
23140,22
23144,22
23148,22
23152,30
23156,30
23160,30
23164,30
23168,7
23172,7
23176,7
23180,7
23184,15
23188,15
23192,15
23196,15
23200,23
23204,23
23208,23
23212,23
23216,31
23220,31
23224,31
23228,31
23232,0
23248,8
23264,16
23280,24
23296,1
23312,9
23328,17
23344,25
23360,2
23376,10
23392,18
23408,26
23424,3
23428,3
23432,3
23436,3
23440,11
23444,11
23448,11
23452,11
23456,19
23460,19
23464,19
23468,19
23472,27
23476,27
23480,27
23484,27
23488,4
23504,12
23520,20
23536,28
23552,6
23568,14
23584,22
23600,30
23616,7
23620,7
23624,7
23628,7
23632,15
23636,15
23640,15
23644,15
23648,23
23652,23
23656,23
23660,23
23664,31
23668,31
23672,31
23676,31
23680,0
23684,0
23688,0
23692,0
23696,8
23700,8
23704,8
23708,8
23712,16
23716,16
23720,16
23724,16
23728,24
23732,24
23736,24
23740,24
23744,1
23748,1
23752,1
23756,1
23760,9
23764,9
23768,9
23772,9
23776,17
23780,17
23784,17
23788,17
23792,25
23796,25
23800,25
23804,25
23808,2
23812,2
23816,2
23820,2
23824,10
23828,10
23832,10
23836,10
23840,18
23844,18
23848,18
23852,18
23856,26
23860,26
23872,3
23876,3
23880,3
23884,3
23888,11
23892,11
23896,11
23900,11
23904,19
23920,27
23936,4
23952,12
23968,20
23984,28
24000,5
24016,13
24032,21
24048,29
24064,7
24080,15
24096,23
24112,31
24128,0
24144,8
24160,16
24176,24
24192,1
24208,9
24224,17
24240,25
24256,2
24272,10
24288,18
24304,26
24320,3
24336,11
24352,19
24368,27
24384,4
24400,12
24416,20
24432,28
24448,5
24464,13
24480,21
24496,29
24512,6
24528,14
24544,22
24560,30
24576,0
24592,8
24608,16
24624,24
24640,1
24656,9
24672,17
24688,25
24704,2
24720,10
24736,18
24752,26
24768,3
24784,11
24800,19
24816,27
24832,4
24848,12
24864,20
24880,28
24896,5
24912,13
24928,21
24944,29
24960,6
24964,6
24968,6
24972,6
24976,14
24992,22
25008,30
25024,7
25028,7
25032,7
25036,7
25040,15
25056,23
25072,31
25088,1
25104,9
25120,17
25136,25
25152,2
25168,10
25184,18
25200,26
25216,3
25232,11
25248,19
25264,27
25280,4
25284,4
25296,12
25312,20
25328,28
25344,5
25360,13
25376,21
25392,29
25408,6
25424,14
25440,22
25456,30
25472,7
25488,15
25504,23
25520,31
25536,0
25552,8
25568,16
25584,24
25600,2
25616,10
25632,18
25648,26
25664,3
25680,11
25696,19
25712,27
25728,4
25744,12
25760,20
25776,28
25792,5
25808,13
25824,21
25840,29
25856,6
25872,14
25888,22
25904,30
25920,7
25936,15
25952,23
25968,31
25984,0
26000,8
26016,16
26032,24
26048,1
26052,1
26056,1
26060,1
26064,9
26080,17
26096,25
26112,3
26128,11
26144,19
26160,27
26176,4
26192,12
26208,20
26224,28
26240,5
26244,5
26248,5
26252,5
26256,13
26260,13
26264,13
26268,13
26272,21
26276,21
26280,21
26284,21
26288,29
26292,29
26296,29
26300,29
26304,6
26308,6
26312,6
26316,6
26320,14
26324,14
26328,14
26332,14
26336,22
26340,22
26344,22
26348,22
26352,30
26356,30
26360,30
26364,30
26368,7
26384,15
26400,23
26416,31
26432,0
26448,8
26464,16
26480,24
26496,1
26512,9
26528,17
26544,25
26560,2
26576,10
26592,18
26608,26
26624,4
26640,12
26656,20
26672,28
26688,5
26704,13
26720,21
26736,29
26752,6
26768,14
26784,22
26800,30
26816,7
26832,15
26848,23
26864,31
26880,0
26896,8
26912,16
26928,24
26944,1
26960,9
26976,17
26992,25
27008,2
27012,2
27024,10
27040,18
27056,26
27072,3
27088,11
27104,19
27120,27
27136,5
27152,13
27168,21
27184,29
27200,6
27216,14
27232,22
27248,30
27264,7
27280,15
27296,23
27312,31
27328,0
27344,8
27360,16
27376,24
27392,1
27408,9
27424,17
27440,25
27456,2
27472,10
27488,18
27504,26
27520,3
27536,11
27552,19
27568,27
27584,4
27600,12
27616,20
27632,28
27648,6
27664,14
27680,22
27696,30
27712,7
27728,15
27744,23
27760,31
27776,0
27792,8
27808,16
27824,24
27840,1
27856,9
27872,17
27888,25
27904,2
27908,2
27920,10
27936,18
27952,26
27968,3
27972,3
27984,11
28000,19
28016,27
28032,4
28036,4
28040,4
28048,12
28064,20
28080,28
28096,5
28100,5
28104,5
28112,13
28128,21
28144,29
28160,7
28164,7
28176,15
28192,23
28208,31
28224,0
28228,0
28232,0
28236,0
28240,8
28256,16
28272,24
28288,1
28292,1
28296,1
28304,9
28320,17
28336,25
28352,2
28356,2
28360,2
28364,2
28368,10
28372,10
28376,10
28380,10
28384,18
28400,26
28416,3
28420,3
28424,3
28432,11
28448,19
28464,27
28480,4
28484,4
28488,4
28492,4
28496,12
28512,20
28528,28
28544,5
28560,13
28576,21
28592,29
28608,6
28624,14
28640,22
28656,30
28672,0
28688,8
28704,16
28720,24
28736,1
28752,9
28768,17
28784,25
28800,2
28816,10
28832,18
28848,26
28864,3
28880,11
28896,19
28912,27
28928,4
28944,12
28960,20
28976,28
28992,5
29008,13
29024,21
29040,29
29056,6
29072,14
29088,22
29104,30
29120,7
29136,15
29152,23
29168,31
29184,1
29200,9
29216,17
29232,25
29248,2
29264,10
29280,18
29296,26
29312,3
29328,11
29344,19
29360,27
29376,4
29380,4
29384,4
29388,4
29392,12
29396,12
29400,12
29404,12
29408,20
29424,28
29440,5
29456,13
29472,21
29488,29
29504,6
29520,14
29536,22
29552,30
29568,7
29584,15
29600,23
29616,31
29632,0
29648,8
29664,16
29680,24
29696,2
29700,2
29704,2
29708,2
29712,10
29728,18
29744,26
29760,3
29764,3
29776,11
29792,19
29808,27
29824,4
29828,4
29832,4
29836,4
29840,12
29844,12
29848,12
29852,12
29856,20
29860,20
29864,20
29868,20
29872,28
29876,28
29880,28
29884,28
29888,5
29892,5
29896,5
29900,5
29904,13
29908,13
29912,13
29916,13
29920,21
29924,21
29928,21
29932,21
29936,29
29940,29
29944,29
29948,29
29952,6
29956,6
29960,6
29964,6
29968,14
29972,14
29976,14
29980,14
29984,22
29988,22
29992,22
29996,22
30000,30
30004,30
30008,30
30012,30
30016,7
30032,15
30048,23
30064,31
30080,0
30096,8
30112,16
30128,24
30144,1
30160,9
30176,17
30192,25
30208,3
30224,11
30240,19
30256,27
30272,4
30288,12
30304,20
30320,28
30336,5
30352,13
30368,21
30384,29
30400,6
30404,6
30408,6
30416,14
30432,22
30448,30
30464,7
30468,7
30472,7
30480,15
30496,23
30512,31
30528,0
30532,0
30536,0
30540,0
30544,8
30560,16
30576,24
30592,1
30596,1
30600,1
30608,9
30624,17
30640,25
30656,2
30660,2
30664,2
30672,10
30688,18
30704,26
30720,4
30724,4
30728,4
30736,12
30752,20
30768,28
30784,5
30788,5
30792,5
30796,5
30800,13
30816,21
30832,29
30848,6
30852,6
30856,6
30864,14
30880,22
30896,30
30912,7
30916,7
30920,7
30928,15
30944,23
30960,31
30976,0
30980,0
30984,0
30992,8
31008,16
31024,24
31040,1
31044,1
31048,1
31052,1
31056,9
31072,17
31088,25
31104,2
31108,2
31112,2
31120,10
31136,18
31152,26
31168,3
31172,3
31176,3
31184,11
31200,19
31216,27
31232,5
31236,5
31240,5
31248,13
31264,21
31280,29
31296,6
31300,6
31304,6
31308,6
31312,14
31328,22
31344,30
31360,7
31364,7
31368,7
31376,15
31392,23
31408,31
31424,0
31428,0
31432,0
31436,0
31440,8
31444,8
31448,8
31452,8
31456,16
31472,24
31488,1
31504,9
31520,17
31536,25
31552,2
31568,10
31584,18
31600,26
31616,3
31632,11
31648,19
31664,27
31680,4
31696,12
31712,20
31728,28
31744,6
31760,14
31776,22
31792,30
31808,7
31812,7
31816,7
31824,15
31840,23
31856,31
31872,0
31876,0
31880,0
31888,8
31904,16
31920,24
31936,1
31940,1
31944,1
31948,1
31952,9
31968,17
31984,25
32000,2
32004,2
32008,2
32012,2
32016,10
32020,10
32024,10
32028,10
32032,18
32036,18
32040,18
32044,18
32048,26
32052,26
32056,26
32060,26
32064,3
32068,3
32072,3
32076,3
32080,11
32084,11
32088,11
32092,11
32096,19
32100,19
32104,19
32108,19
32112,27
32116,27
32120,27
32124,27
32128,4
32144,12
32160,20
32176,28
32192,5
32208,13
32224,21
32240,29
32256,7
32272,15
32288,23
32304,31
32320,0
32336,8
32352,16
32368,24
32384,1
32400,9
32416,17
32432,25
32448,2
32464,10
32480,18
32496,26
32512,3
32528,11
32544,19
32560,27
32576,4
32592,12
32608,20
32624,28
32640,5
32656,13
32672,21
32688,29
32704,6
32720,14
32736,22
32752,30
32768,0
32784,8
32800,16
32816,24
32832,1
32836,1
32848,9
32864,17
32880,25
32896,2
32912,10
32928,18
32944,26
32960,3
32976,11
32992,19
33008,27
33024,4
33028,4
33032,4
33040,12
33056,20
33072,28
33088,5
33092,5
33096,5
33104,13
33120,21
33136,29
33152,6
33156,6
33160,6
33164,6
33168,14
33184,22
33200,30
33216,7
33220,7
33224,7
33232,15
33248,23
33264,31
33280,1
33296,9
33312,17
33328,25
33344,2
33360,10
33376,18
33392,26
33408,3
33424,11
33440,19
33456,27
33472,4
33488,12
33504,20
33520,28
33536,5
33552,13
33568,21
33584,29
33600,6
33616,14
33632,22
33648,30
33664,7
33680,15
33696,23
33712,31
33728,0
33744,8
33760,16
33776,24
33792,2
33796,2
33808,10
33824,18
33840,26
33856,3
33872,11
33888,19
33904,27
33920,4
33936,12
33952,20
33968,28
33984,5
34000,13
34016,21
34032,29
34048,6
34064,14
34080,22
34096,30
34112,7
34128,15
34144,23
34160,31
34176,0
34192,8
34208,16
34224,24
34240,1
34256,9
34272,17
34288,25
34304,3
34320,11
34336,19
34352,27
34368,4
34384,12
34400,20
34416,28
34432,5
34448,13
34464,21
34480,29
34496,6
34512,14
34528,22
34544,30
34560,7
34564,7
34568,7
34572,7
34576,15
34580,15
34584,15
34588,15
34592,23
34608,31
34624,0
34640,8
34656,16
34672,24
34688,1
34704,9
34720,17
34736,25
34752,2
34768,10
34784,18
34800,26
34816,4
34832,12
34848,20
34864,28
34880,5
34884,5
34888,5
34892,5
34896,13
34900,13
34904,13
34908,13
34912,21
34916,21
34920,21
34924,21
34928,29
34932,29
34936,29
34940,29
34944,6
34948,6
34952,6
34956,6
34960,14
34964,14
34968,14
34972,14
34976,22
34980,22
34984,22
34988,22
34992,30
34996,30
35000,30
35004,30
35008,7
35024,15
35040,23
35056,31
35072,0
35088,8
35104,16
35120,24
35136,1
35152,9
35168,17
35184,25
35200,2
35216,10
35232,18
35248,26
35264,3
35280,11
35296,19
35312,27
35328,5
35344,13
35360,21
35376,29
35392,6
35408,14
35424,22
35440,30
35456,7
35472,15
35488,23
35504,31
35520,0
35536,8
35552,16
35568,24
35584,1
35600,9
35616,17
35632,25
35648,2
35664,10
35680,18
35696,26
35712,3
35728,11
35744,19
35760,27
35776,4
35792,12
35808,20
35824,28
35840,6
35856,14
35872,22
35888,30
35904,7
35920,15
35936,23
35952,31
35968,0
35984,8
36000,16
36016,24
36032,1
36048,9
36064,17
36080,25
36096,2
36112,10
36128,18
36144,26
36160,3
36176,11
36192,19
36208,27
36224,4
36240,12
36256,20
36272,28
36288,5
36304,13
36320,21
36336,29
36352,7
36368,15
36384,23
36400,31
36416,0
36432,8
36448,16
36464,24
36480,1
36496,9
36512,17
36528,25
36544,2
36560,10
36576,18
36592,26
36608,3
36624,11
36640,19
36656,27
36672,4
36688,12
36704,20
36720,28
36736,5
36740,5
36752,13
36768,21
36784,29
36800,6
36816,14
36832,22
36848,30
36864,0
36880,8
36896,16
36912,24
36928,1
36944,9
36960,17
36976,25
36992,2
37008,10
37024,18
37040,26
37056,3
37072,11
37088,19
37104,27
37120,4
37136,12
37152,20
37168,28
37184,5
37188,5
37200,13
37216,21
37232,29
37248,6
37264,14
37280,22
37296,30
37312,7
37328,15
37344,23
37360,31
37376,1
37392,9
37408,17
37424,25
37440,2
37456,10
37472,18
37488,26
37504,3
37508,3
37512,3
37516,3
37520,11
37524,11
37528,11
37532,11
37536,19
37552,27
37568,4
37572,4
37584,12
37600,20
37616,28
37632,5
37648,13
37664,21
37680,29
37696,6
37712,14
37728,22
37744,30
37760,7
37776,15
37792,23
37808,31
37824,0
37840,8
37856,16
37872,24
37888,2
37904,10
37920,18
37936,26
37952,3
37968,11
37984,19
38000,27
38016,4
38020,4
38024,4
38028,4
38032,12
38036,12
38040,12
38044,12
38048,20
38052,20
38056,20
38060,20
38064,28
38068,28
38072,28
38076,28
38080,5
38084,5
38088,5
38092,5
38096,13
38100,13
38104,13
38108,13
38112,21
38116,21
38120,21
38124,21
38128,29
38132,29
38136,29
38140,29
38144,6
38160,14
38176,22
38192,30
38208,7
38224,15
38240,23
38256,31
38272,0
38288,8
38304,16
38320,24
38336,1
38352,9
38368,17
38384,25
38400,3
38416,11
38432,19
38448,27
38464,4
38480,12
38496,20
38512,28
38528,5
38544,13
38560,21
38576,29
38592,6
38608,14
38624,22
38640,30
38656,7
38672,15
38688,23
38704,31
38720,0
38736,8
38752,16
38768,24
38784,1
38800,9
38816,17
38832,25
38848,2
38864,10
38880,18
38896,26
38912,4
38928,12
38944,20
38960,28
38976,5
38992,13
39008,21
39024,29
39040,6
39056,14
39072,22
39088,30
39104,7
39120,15
39136,23
39152,31
39168,0
39184,8
39200,16
39216,24
39232,1
39248,9
39264,17
39280,25
39296,2
39312,10
39328,18
39344,26
39360,3
39376,11
39392,19
39408,27
39424,5
39428,5
39440,13
39456,21
39472,29
39488,6
39504,14
39520,22
39536,30
39552,7
39568,15
39584,23
39600,31
39616,0
39632,8
39648,16
39664,24
39680,1
39696,9
39712,17
39728,25
39744,2
39760,10
39776,18
39792,26
39808,3
39824,11
39840,19
39856,27
39872,4
39876,4
39880,4
39884,4
39888,12
39892,12
39896,12
39900,12
39904,20
39920,28
39936,6
39940,6
39952,14
39968,22
39984,30
40000,7
40016,15
40032,23
40048,31
40064,0
40080,8
40096,16
40112,24
40128,1
40144,9
40160,17
40176,25
40192,2
40208,10
40224,18
40240,26
40256,3
40272,11
40288,19
40304,27
40320,4
40336,12
40352,20
40368,28
40384,5
40400,13
40416,21
40432,29
40448,7
40464,15
40480,23
40496,31
40512,0
40528,8
40544,16
40560,24
40576,1
40580,1
40584,1
40592,9
40608,17
40624,25
40640,2
40644,2
40648,2
40656,10
40672,18
40688,26
40704,3
40708,3
40712,3
40716,3
40720,11
40736,19
40752,27
40768,4
40772,4
40776,4
40784,12
40800,20
40816,28
40832,5
40848,13
40864,21
40880,29
40896,6
40912,14
40928,22
40944,30
40960,0
40976,8
40992,16
41008,24
41024,1
41040,9
41056,17
41072,25
41088,2
41104,10
41120,18
41136,26
41152,3
41168,11
41184,19
41200,27
41216,4
41232,12
41248,20
41264,28
41280,5
41296,13
41312,21
41328,29
41344,6
41360,14
41376,22
41392,30
41408,7
41424,15
41440,23
41456,31
41472,1
41488,9
41504,17
41520,25
41536,2
41540,2
41544,2
41548,2
41552,10
41568,18
41584,26
41600,3
41616,11
41632,19
41648,27
41664,4
41680,12
41696,20
41712,28
41728,5
41744,13
41760,21
41776,29
41792,6
41796,6
41800,6
41804,6
41808,14
41812,14
41816,14
41824,22
41840,30
41856,7
41860,7
41864,7
41872,15
41888,23
41904,31
41920,0
41924,0
41928,0
41932,0
41936,8
41952,16
41968,24
41984,2
41988,2
41992,2
42000,10
42016,18
42032,26
42048,3
42052,3
42056,3
42064,11
42080,19
42096,27
42112,4
42116,4
42120,4
42124,4
42128,12
42132,12
42136,12
42140,12
42144,20
42148,20
42152,20
42156,20
42160,28
42164,28
42168,28
42172,28
42176,5
42180,5
42184,5
42188,5
42192,13
42196,13
42200,13
42204,13
42208,21
42212,21
42216,21
42220,21
42224,29
42228,29
42232,29
42236,29
42240,6
42244,6
42248,6
42256,14
42272,22
42288,30
42304,7
42308,7
42312,7
42320,15
42336,23
42352,31
42368,0
42372,0
42376,0
42384,8
42400,16
42416,24
42432,1
42436,1
42440,1
42448,9
42464,17
42480,25
42496,3
42500,3
42504,3
42512,11
42528,19
42544,27
42560,4
42564,4
42568,4
42576,12
42592,20
42608,28
42624,5
42640,13
42656,21
42672,29
42688,6
42704,14
42720,22
42736,30
42752,7
42768,15
42784,23
42800,31
42816,0
42832,8
42848,16
42864,24
42880,1
42896,9
42912,17
42928,25
42944,2
42960,10
42976,18
42992,26
43008,4
43024,12
43040,20
43056,28
43072,5
43088,13
43104,21
43120,29
43136,6
43152,14
43168,22
43184,30
43200,7
43216,15
43232,23
43248,31
43264,0
43280,8
43296,16
43312,24
43328,1
43344,9
43360,17
43376,25
43392,2
43408,10
43424,18
43440,26
43456,3
43460,3
43464,3
43468,3
43472,11
43476,11
43480,11
43484,11
43488,19
43504,27
43520,5
43524,5
43536,13
43552,21
43568,29
43584,6
43600,14
43616,22
43632,30
43648,7
43664,15
43680,23
43696,31
43712,0
43728,8
43744,16
43760,24
43776,1
43792,9
43808,17
43824,25
43840,2
43856,10
43872,18
43888,26
43904,3
43920,11
43936,19
43952,27
43968,4
43984,12
44000,20
44016,28
44032,6
44048,14
44064,22
44080,30
44096,7
44112,15
44128,23
44144,31
44160,0
44164,0
44168,0
44172,0
44176,8
44180,8
44184,8
44188,8
44192,16
44196,16
44200,16
44204,16
44208,24
44212,24
44216,24
44220,24
44224,1
44228,1
44232,1
44236,1
44240,9
44244,9
44248,9
44252,9
44256,17
44260,17
44264,17
44268,17
44272,25
44276,25
44280,25
44284,25
44288,2
44304,10
44320,18
44336,26
44352,3
44368,11
44384,19
44400,27
44416,4
44432,12
44448,20
44464,28
44480,5
44496,13
44512,21
44528,29
44544,7
44560,15
44576,23
44592,31
44608,0
44624,8
44640,16
44656,24
44672,1
44688,9
44704,17
44720,25
44736,2
44752,10
44768,18
44784,26
44800,3
44816,11
44832,19
44848,27
44864,4
44880,12
44896,20
44912,28
44928,5
44944,13
44960,21
44976,29
44992,6
45008,14
45024,22
45040,30
45056,0
45072,8
45088,16
45104,24
45120,1
45136,9
45152,17
45168,25
45184,2
45200,10
45216,18
45232,26
45248,3
45264,11
45280,19
45296,27
45312,4
45328,12
45344,20
45360,28
45376,5
45392,13
45408,21
45424,29
45440,6
45456,14
45472,22
45488,30
45504,7
45520,15
45536,23
45552,31
45568,1
45584,9
45600,17
45616,25
45632,2
45648,10
45664,18
45680,26
45696,3
45712,11
45728,19
45744,27
45760,4
45776,12
45792,20
45808,28
45824,5
45840,13
45856,21
45872,29
45888,6
45904,14
45920,22
45936,30
45952,7
45968,15
45984,23
46000,31
46016,0
46020,0
46032,8
46048,16
46064,24
46080,2
46096,10
46112,18
46128,26
46144,3
46160,11
46176,19
46192,27
46208,4
46212,4
46216,4
46220,4
46224,12
46228,12
46232,12
46236,12
46240,20
46244,20
46248,20
46252,20
46256,28
46260,28
46264,28
46268,28
46272,5
46276,5
46280,5
46284,5
46288,13
46292,13
46296,13
46300,13
46304,21
46308,21
46312,21
46316,21
46320,29
46324,29
46328,29
46332,29
46336,6
46352,14
46368,22
46384,30
46400,7
46416,15
46432,23
46448,31
46464,0
46480,8
46496,16
46512,24
46528,1
46532,1
46536,1
46540,1
46544,9
46548,9
46552,9
46560,17
46576,25
46592,3
46596,3
46600,3
46604,3
46608,11
46612,11
46616,11
46620,11
46624,19
46640,27
46656,4
46660,4
46664,4
46668,4
46672,12
46676,12
46680,12
46684,12
46688,20
46704,28
46720,5
46724,5
46736,13
46752,21
46768,29
46784,6
46788,6
46792,6
46796,6
46800,14
46816,22
46832,30
46848,7
46864,15
46880,23
46896,31
46912,0
46928,8
46944,16
46960,24
46976,1
46992,9
47008,17
47024,25
47040,2
47056,10
47072,18
47088,26
47104,4
47120,12
47136,20
47152,28
47168,5
47184,13
47200,21
47216,29
47232,6
47236,6
47240,6
47244,6
47248,14
47252,14
47256,14
47264,22
47280,30
47296,7
47300,7
47312,15
47328,23
47344,31
47360,0
47364,0
47376,8
47392,16
47408,24
47424,1
47428,1
47432,1
47436,1
47440,9
47456,17
47472,25
47488,2
47504,10
47520,18
47536,26
47552,3
47568,11
47584,19
47600,27
47616,5
47632,13
47648,21
47664,29
47680,6
47696,14
47712,22
47728,30
47744,7
47748,7
47760,15
47776,23
47792,31
47808,0
47812,0
47824,8
47840,16
47856,24
47872,1
47876,1
47880,1
47888,9
47904,17
47920,25
47936,2
47940,2
47944,2
47952,10
47968,18
47984,26
48000,3
48004,3
48008,3
48012,3
48016,11
48020,11
48024,11
48028,11
48032,19
48036,19
48040,19
48044,19
48048,27
48052,27
48056,27
48060,27
48064,4
48068,4
48072,4
48076,4
48080,12
48084,12
48088,12
48092,12
48096,20
48100,20
48104,20
48108,20
48112,28
48116,28
48120,28
48124,28
48128,6
48132,6
48136,6
48144,14
48160,22
48176,30
48192,7
48196,7
48200,7
48208,15
48224,23
48240,31
48256,0
48260,0
48272,8
48288,16
48304,24
48320,1
48324,1
48328,1
48332,1
48336,9
48352,17
48368,25
48384,2
48388,2
48392,2
48396,2
48400,10
48416,18
48432,26
48448,3
48452,3
48456,3
48460,3
48464,11
48468,11
48472,11
48476,11
48480,19
48496,27
48512,4
48516,4
48528,12
48544,20
48560,28
48576,5
48580,5
48584,5
48592,13
48608,21
48624,29
48640,7
48656,15
48672,23
48688,31
48704,0
48720,8
48736,16
48752,24
48768,1
48784,9
48800,17
48816,25
48832,2
48848,10
48864,18
48880,26
48896,3
48912,11
48928,19
48944,27
48960,4
48976,12
48992,20
49008,28
49024,5
49040,13
49056,21
49072,29
49088,6
49104,14
49120,22
49136,30
49152,0
49168,8
49184,16
49200,24
49216,1
49232,9
49248,17
49264,25
49280,2
49296,10
49312,18
49328,26
49344,3
49360,11
49376,19
49392,27
49408,4
49412,4
49416,4
49420,4
49424,12
49428,12
49432,12
49436,12
49440,20
49456,28
49472,5
49488,13
49504,21
49520,29
49536,6
49552,14
49568,22
49584,30
49600,7
49604,7
49616,15
49632,23
49648,31
49664,1
49668,1
49672,1
49680,9
49696,17
49712,25
49728,2
49732,2
49736,2
49740,2
49744,10
49748,10
49752,10
49756,10
49760,18
49764,18
49768,18
49772,18
49776,26
49780,26
49784,26
49788,26
49792,3
49796,3
49800,3
49804,3
49808,11
49812,11
49816,11
49820,11
49824,19
49828,19
49832,19
49836,19
49840,27
49844,27
49848,27
49852,27
49856,4
49860,4
49864,4
49868,4
49872,12
49888,20
49904,28
49920,5
49924,5
49936,13
49952,21
49968,29
49984,6
49988,6
50000,14
50016,22
50032,30
50048,7
50052,7
50056,7
50060,7
50064,15
50068,15
50072,15
50080,23
50096,31
50112,0
50116,0
50120,0
50128,8
50144,16
50160,24
50176,2
50180,2
50184,2
50192,10
50208,18
50224,26
50240,3
50244,3
50256,11
50272,19
50288,27
50304,4
50308,4
50312,4
50320,12
50336,20
50352,28
50368,5
50384,13
50400,21
50416,29
50432,6
50448,14
50464,22
50480,30
50496,7
50512,15
50528,23
50544,31
50560,0
50576,8
50592,16
50608,24
50624,1
50640,9
50656,17
50672,25
50688,3
50704,11
50720,19
50736,27
50752,4
50768,12
50784,20
50800,28
50816,5
50832,13
50848,21
50864,29
50880,6
50896,14
50912,22
50928,30
50944,7
50960,15
50976,23
50992,31
51008,0
51024,8
51040,16
51056,24
51072,1
51088,9
51104,17
51120,25
51136,2
51152,10
51168,18
51184,26
51200,4
51216,12
51232,20
51248,28
51264,5
51280,13
51296,21
51312,29
51328,6
51344,14
51360,22
51376,30
51392,7
51408,15
51424,23
51440,31
51456,0
51460,0
51464,0
51468,0
51472,8
51476,8
51480,8
51484,8
51488,16
51504,24
51520,1
51536,9
51552,17
51568,25
51584,2
51600,10
51616,18
51632,26
51648,3
51664,11
51680,19
51696,27
51712,5
51728,13
51744,21
51760,29
51776,6
51792,14
51808,22
51824,30
51840,7
51856,15
51872,23
51888,31
51904,0
51920,8
51936,16
51952,24
51968,1
51984,9
52000,17
52016,25
52032,2
52048,10
52064,18
52080,26
52096,3
52112,11
52128,19
52144,27
52160,4
52176,12
52192,20
52208,28
52224,6
52240,14
52256,22
52272,30
52288,7
52304,15
52320,23
52336,31
52352,0
52368,8
52384,16
52400,24
52416,1
52432,9
52448,17
52464,25
52480,2
52484,2
52488,2
52492,2
52496,10
52500,10
52504,10
52508,10
52512,18
52516,18
52520,18
52524,18
52528,26
52532,26
52536,26
52540,26
52544,3
52548,3
52552,3
52556,3
52560,11
52564,11
52568,11
52572,11
52576,19
52580,19
52584,19
52588,19
52592,27
52596,27
52600,27
52604,27
52608,4
52612,4
52624,12
52640,20
52656,28
52672,5
52688,13
52704,21
52720,29
52736,7
52752,15
52768,23
52784,31
52800,0
52816,8
52832,16
52848,24
52864,1
52880,9
52896,17
52912,25
52928,2
52944,10
52960,18
52976,26
52992,3
53008,11
53024,19
53040,27
53056,4
53072,12
53088,20
53104,28
53120,5
53136,13
53152,21
53168,29
53184,6
53200,14
53216,22
53232,30
53248,0
53264,8
53280,16
53296,24
53312,1
53328,9
53344,17
53360,25
53376,2
53392,10
53408,18
53424,26
53440,3
53456,11
53472,19
53488,27
53504,4
53508,4
53512,4
53516,4
53520,12
53524,12
53528,12
53532,12
53536,20
53552,28
53568,5
53572,5
53584,13
53600,21
53616,29
53632,6
53648,14
53664,22
53680,30
53696,7
53712,15
53728,23
53744,31
53760,1
53776,9
53792,17
53808,25
53824,2
53840,10
53856,18
53872,26
53888,3
53904,11
53920,19
53936,27
53952,4
53968,12
53984,20
54000,28
54016,5
54032,13
54048,21
54064,29
54080,6
54096,14
54112,22
54128,30
54144,7
54160,15
54176,23
54192,31
54208,0
54224,8
54240,16
54256,24
54272,2
54288,10
54304,18
54320,26
54336,3
54352,11
54368,19
54384,27
54400,4
54416,12
54432,20
54448,28
54464,5
54480,13
54496,21
54512,29
54528,6
54532,6
54536,6
54540,6
54544,14
54548,14
54552,14
54556,14
54560,22
54576,30
54592,7
54608,15
54624,23
54640,31
54656,0
54672,8
54688,16
54704,24
54720,1
54736,9
54752,17
54768,25
54784,3
54800,11
54816,19
54832,27
54848,4
54864,12
54880,20
54896,28
54912,5
54928,13
54944,21
54960,29
54976,6
54992,14
55008,22
55024,30
55040,7
55056,15
55072,23
55088,31
55104,0
55120,8
55136,16
55152,24
55168,1
55184,9
55200,17
55216,25
55232,2
55248,10
55264,18
55280,26
55296,4
55312,12
55328,20
55344,28
55360,5
55376,13
55392,21
55408,29
55424,6
55440,14
55456,22
55472,30
55488,7
55504,15
55520,23
55536,31
55552,0
55568,8
55584,16
55600,24
55616,1
55632,9
55648,17
55664,25
55680,2
55696,10
55712,18
55728,26
55744,3
55760,11
55776,19
55792,27
55808,5
55824,13
55840,21
55856,29
55872,6
55888,14
55904,22
55920,30
55936,7
55952,15
55968,23
55984,31
56000,0
56016,8
56032,16
56048,24
56064,1
56080,9
56096,17
56112,25
56128,2
56144,10
56160,18
56176,26
56192,3
56208,11
56224,19
56240,27
56256,4
56272,12
56288,20
56304,28
56320,6
56336,14
56352,22
56368,30
56384,7
56400,15
56416,23
56432,31
56448,0
56464,8
56480,16
56496,24
56512,1
56528,9
56544,17
56560,25
56576,2
56592,10
56608,18
56624,26
56640,3
56656,11
56672,19
56688,27
56704,4
56720,12
56736,20
56752,28
56768,5
56772,5
56776,5
56780,5
56784,13
56788,13
56792,13
56800,21
56816,29
56832,7
56836,7
56848,15
56864,23
56880,31
56896,0
56900,0
56912,8
56928,16
56944,24
56960,1
56964,1
56968,1
56972,1
56976,9
56992,17
57008,25
57024,2
57028,2
57032,2
57040,10
57056,18
57072,26
57088,3
57092,3
57096,3
57104,11
57120,19
57136,27
57152,4
57156,4
57168,12
57184,20
57200,28
57216,5
57220,5
57224,5
57228,5
57232,13
57248,21
57264,29
57280,6
57284,6
57288,6
57296,14
57312,22
57328,30
57344,0
57348,0
57352,0
57356,0
57360,8
57376,16
57392,24
57408,1
57412,1
57416,1
57424,9
57440,17
57456,25
57472,2
57476,2
57480,2
57484,2
57488,10
57504,18
57520,26
57536,3
57552,11
57568,19
57584,27
57600,4
57616,12
57632,20
57648,28
57664,5
57680,13
57696,21
57712,29
57728,6
57744,14
57760,22
57776,30
57792,7
57808,15
57824,23
57840,31
57856,1
57872,9
57888,17
57904,25
57920,2
57936,10
57952,18
57968,26
57984,3
58000,11
58016,19
58032,27
58048,4
58052,4
58056,4
58064,12
58080,20
58096,28
58112,5
58116,5
58120,5
58128,13
58144,21
58160,29
58176,6
58180,6
58184,6
58188,6
58192,14
58208,22
58224,30
58240,7
58244,7
58248,7
58256,15
58272,23
58288,31
58304,0
58320,8
58336,16
58352,24
58368,2
58384,10
58400,18
58416,26
58432,3
58448,11
58464,19
58480,27
58496,4
58512,12
58528,20
58544,28
58560,5
58576,13
58592,21
58608,29
58624,6
58640,14
58656,22
58672,30
58688,7
58704,15
58720,23
58736,31
58752,0
58768,8
58784,16
58800,24
58816,1
58832,9
58848,17
58864,25
58880,3
58896,11
58912,19
58928,27
58944,4
58960,12
58976,20
58992,28
59008,5
59024,13
59040,21
59056,29
59072,6
59088,14
59104,22
59120,30
59136,7
59152,15
59168,23
59184,31
59200,0
59204,0
59216,8
59232,16
59248,24
59264,1
59280,9
59296,17
59312,25
59328,2
59344,10
59360,18
59376,26
59392,4
59408,12
59424,20
59440,28
59456,5
59472,13
59488,21
59504,29
59520,6
59536,14
59552,22
59568,30
59584,7
59600,15
59616,23
59632,31
59648,0
59664,8
59680,16
59696,24
59712,1
59728,9
59744,17
59760,25
59776,2
59780,2
59784,2
59788,2
59792,10
59796,10
59800,10
59804,10
59808,18
59812,18
59816,18
59820,18
59824,26
59828,26
59832,26
59836,26
59840,3
59844,3
59848,3
59852,3
59856,11
59860,11
59864,11
59868,11
59872,19
59876,19
59880,19
59884,19
59888,27
59892,27
59896,27
59900,27
59904,5
59920,13
59936,21
59952,29
59968,6
59984,14
60000,22
60016,30
60032,7
60048,15
60064,23
60080,31
60096,0
60112,8
60128,16
60144,24
60160,1
60176,9
60192,17
60208,25
60224,2
60240,10
60256,18
60272,26
60288,3
60304,11
60320,19
60336,27
60352,4
60368,12
60384,20
60400,28
60416,6
60432,14
60448,22
60464,30
60480,7
60496,15
60512,23
60528,31
60544,0
60560,8
60576,16
60592,24
60608,1
60624,9
60640,17
60656,25
60672,2
60688,10
60704,18
60720,26
60736,3
60752,11
60768,19
60784,27
60800,4
60804,4
60808,4
60812,4
60816,12
60820,12
60824,12
60828,12
60832,20
60848,28
60864,5
60880,13
60896,21
60912,29
60928,7
60944,15
60960,23
60976,31
60992,0
61008,8
61024,16
61040,24
61056,1
61072,9
61088,17
61104,25
61120,2
61136,10
61152,18
61168,26
61184,3
61200,11
61216,19
61232,27
61248,4
61264,12
61280,20
61296,28
61312,5
61328,13
61344,21
61360,29
61376,6
61392,14
61408,22
61424,30
61440,0
61456,8
61472,16
61488,24
61504,1
61508,1
61512,1
61520,9
61536,17
61552,25
61568,2
61572,2
61576,2
61584,10
61600,18
61616,26
61632,3
61636,3
61640,3
61644,3
61648,11
61664,19
61680,27
61696,4
61700,4
61704,4
61712,12
61728,20
61744,28
61760,5
61776,13
61792,21
61808,29
61824,6
61840,14
61856,22
61872,30
61888,7
61904,15
61920,23
61936,31
61952,1
61968,9
61984,17
62000,25
62016,2
62032,10
62048,18
62064,26
62080,3
62096,11
62112,19
62128,27
62144,4
62160,12
62176,20
62192,28
62208,5
62224,13
62240,21
62256,29
62272,6
62288,14
62304,22
62320,30
62336,7
62352,15
62368,23
62384,31
62400,0
62416,8
62432,16
62448,24
62464,2
62480,10
62496,18
62512,26
62528,3
62544,11
62560,19
62576,27
62592,4
62608,12
62624,20
62640,28
62656,5
62672,13
62688,21
62704,29
62720,6
62736,14
62752,22
62768,30
62784,7
62800,15
62816,23
62832,31
62848,0
62864,8
62880,16
62896,24
62912,1
62928,9
62944,17
62960,25
62976,3
62980,3
62992,11
63008,19
63024,27
63040,4
63056,12
63072,20
63088,28
63104,5
63120,13
63136,21
63152,29
63168,6
63172,6
63176,6
63180,6
63184,14
63188,14
63192,14
63196,14
63200,22
63204,22
63208,22
63212,22
63216,30
63220,30
63224,30
63228,30
63232,7
63236,7
63240,7
63244,7
63248,15
63252,15
63256,15
63260,15
63264,23
63268,23
63272,23
63276,23
63280,31
63284,31
63288,31
63292,31
63296,0
63312,8
63328,16
63344,24
63360,1
63376,9
63392,17
63408,25
63424,2
63440,10
63456,18
63472,26
63488,4
63504,12
63520,20
63536,28
63552,5
63556,5
63560,5
63564,5
63568,13
63572,13
63584,21
63600,29
63616,6
63620,6
63632,14
63648,22
63664,30
63680,7
63696,15
63712,23
63728,31
63744,0
63760,8
63776,16
63792,24
63808,1
63824,9
63840,17
63856,25
63872,2
63888,10
63904,18
63920,26
63936,3
63952,11
63968,19
63984,27
64000,5
64004,5
64008,5
64012,5
64016,13
64020,13
64024,13
64028,13
64032,21
64036,21
64040,21
64044,21
64048,29
64052,29
64056,29
64060,29
64064,6
64068,6
64072,6
64076,6
64080,14
64084,14
64088,14
64092,14
64096,22
64100,22
64104,22
64108,22
64112,30
64116,30
64120,30
64124,30
64128,7
64144,15
64160,23
64176,31
64192,0
64208,8
64224,16
64240,24
64256,1
64272,9
64288,17
64304,25
64320,2
64324,2
64328,2
64332,2
64336,10
64340,10
64352,18
64368,26
64384,3
64388,3
64400,11
64416,19
64432,27
64448,4
64464,12
64480,20
64496,28
64512,6
64528,14
64544,22
64560,30
64576,7
64592,15
64608,23
64624,31
64640,0
64656,8
64672,16
64688,24
64704,1
64720,9
64736,17
64752,25
64768,2
64784,10
64800,18
64816,26
64832,3
64848,11
64864,19
64880,27
64896,4
64912,12
64928,20
64944,28
64960,5
64976,13
64992,21
65008,29
65024,7
65040,15
65056,23
65072,31
65088,0
65104,8
65120,16
65136,24
65152,1
65168,9
65184,17
65200,25
65216,2
65232,10
65248,18
65264,26
65280,3
65296,11
65312,19
65328,27
65344,4
65360,12
65376,20
65392,28
65408,5
65424,13
65440,21
65456,29
65472,6
65488,14
65504,22
65520,30
65536,0
65552,8
65568,16
65584,24
65600,1
65616,9
65632,17
65648,25
65664,2
65680,10
65696,18
65712,26
65728,3
65744,11
65760,19
65776,27
65792,4
65796,4
65808,12
65824,20
65840,28
65856,5
65872,13
65888,21
65904,29
65920,6
65936,14
65952,22
65968,30
65984,7
66000,15
66016,23
66032,31
66048,1
66064,9
66080,17
66096,25
66112,2
66128,10
66144,18
66160,26
66176,3
66192,11
66208,19
66224,27
66240,4
66244,4
66248,4
66252,4
66256,12
66260,12
66264,12
66268,12
66272,20
66276,20
66280,20
66284,20
66288,28
66292,28
66296,28
66300,28
66304,5
66308,5
66312,5
66316,5
66320,13
66324,13
66328,13
66332,13
66336,21
66340,21
66344,21
66348,21
66352,29
66356,29
66360,29
66364,29
66368,6
66384,14
66400,22
66416,30
66432,7
66448,15
66464,23
66480,31
66496,0
66512,8
66528,16
66544,24
66560,2
66576,10
66592,18
66608,26
66624,3
66640,11
66656,19
66672,27
66688,4
66704,12
66720,20
66736,28
66752,5
66768,13
66784,21
66800,29
66816,6
66832,14
66848,22
66864,30
66880,7
66896,15
66912,23
66928,31
66944,0
66960,8
66976,16
66992,24
67008,1
67024,9
67040,17
67056,25
67072,3
67088,11
67104,19
67120,27
67136,4
67152,12
67168,20
67184,28
67200,5
67216,13
67232,21
67248,29
67264,6
67280,14
67296,22
67312,30
67328,7
67344,15
67360,23
67376,31
67392,0
67408,8
67424,16
67440,24
67456,1
67472,9
67488,17
67504,25
67520,2
67536,10
67552,18
67568,26
67584,4
67600,12
67616,20
67632,28
67648,5
67664,13
67680,21
67696,29
67712,6
67728,14
67744,22
67760,30
67776,7
67792,15
67808,23
67824,31
67840,0
67856,8
67872,16
67888,24
67904,1
67920,9
67936,17
67952,25
67968,2
67984,10
68000,18
68016,26
68032,3
68048,11
68064,19
68080,27
68096,5
68112,13
68128,21
68144,29
68160,6
68176,14
68192,22
68208,30
68224,7
68228,7
68232,7
68240,15
68256,23
68272,31
68288,0
68292,0
68296,0
68304,8
68320,16
68336,24
68352,1
68356,1
68360,1
68368,9
68384,17
68400,25
68416,2
68432,10
68448,18
68464,26
68480,3
68496,11
68512,19
68528,27
68544,4
68560,12
68576,20
68592,28
68608,6
68624,14
68640,22
68656,30
68672,7
68688,15
68704,23
68720,31
68736,0
68752,8
68768,16
68784,24
68800,1
68816,9
68832,17
68848,25
68864,2
68868,2
68872,2
68876,2
68880,10
68884,10
68888,10
68892,10
68896,18
68900,18
68904,18
68908,18
68912,26
68916,26
68920,26
68924,26
68928,3
68932,3
68936,3
68940,3
68944,11
68948,11
68952,11
68956,11
68960,19
68964,19
68968,19
68972,19
68976,27
68980,27
68984,27
68988,27
68992,4
69008,12
69024,20
69040,28
69056,5
69072,13
69088,21
69104,29
69120,7
69136,15
69152,23
69168,31
69184,0
69200,8
69216,16
69232,24
69248,1
69264,9
69280,17
69296,25
69312,2
69316,2
69320,2
69324,2
69328,10
69332,10
69336,10
69340,10
69344,18
69348,18
69352,18
69356,18
69360,26
69364,26
69368,26
69372,26
69376,3
69380,3
69384,3
69388,3
69392,11
69396,11
69400,11
69404,11
69408,19
69412,19
69416,19
69420,19
69424,27
69428,27
69432,27
69436,27
69440,4
69444,4
69448,4
69456,12
69472,20
69488,28
69504,5
69508,5
69512,5
69516,5
69520,13
69524,13
69528,13
69532,13
69536,21
69552,29
69568,6
69572,6
69584,14
69600,22
69616,30
69632,0
69648,8
69664,16
69680,24
69696,1
69712,9
69728,17
69744,25
69760,2
69764,2
69768,2
69772,2
69776,10
69780,10
69784,10
69788,10
69792,18
69808,26
69824,3
69828,3
69840,11
69856,19
69872,27
69888,4
69904,12
69920,20
69936,28
69952,5
69968,13
69984,21
70000,29
70016,6
70032,14
70048,22
70064,30
70080,7
70096,15
70112,23
70128,31
70144,1
70160,9
70176,17
70192,25
70208,2
70224,10
70240,18
70256,26
70272,3
70288,11
70304,19
70320,27
70336,4
70352,12
70368,20
70384,28
70400,5
70416,13
70432,21
70448,29
70464,6
70468,6
70472,6
70476,6
70480,14
70484,14
70488,14
70492,14
70496,22
70512,30
70528,7
70544,15
70560,23
70576,31
70592,0
70608,8
70624,16
70640,24
70656,2
70672,10
70688,18
70704,26
70720,3
70736,11
70752,19
70768,27
70784,4
70800,12
70816,20
70832,28
70848,5
70864,13
70880,21
70896,29
70912,6
70928,14
70944,22
70960,30
70976,7
70992,15
71008,23
71024,31
71040,0
71056,8
71072,16
71088,24
71104,1
71120,9
71136,17
71152,25
71168,3
71184,11
71200,19
71216,27
71232,4
71248,12
71264,20
71280,28
71296,5
71312,13
71328,21
71344,29
71360,6
71376,14
71392,22
71408,30
71424,7
71440,15
71456,23
71472,31
71488,0
71504,8
71520,16
71536,24
71552,1
71568,9
71584,17
71600,25
71616,2
71632,10
71648,18
71664,26
71680,4
71696,12
71712,20
71728,28
71744,5
71760,13
71776,21
71792,29
71808,6
71824,14
71840,22
71856,30
71872,7
71888,15
71904,23
71920,31
71936,0
71952,8
71968,16
71984,24
72000,1
72016,9
72032,17
72048,25
72064,2
72080,10
72096,18
72112,26
72128,3
72144,11
72160,19
72176,27
72192,5
72208,13
72224,21
72240,29
72256,6
72272,14
72288,22
72304,30
72320,7
72336,15
72352,23
72368,31
72384,0
72388,0
72400,8
72416,16
72432,24
72448,1
72464,9
72480,17
72496,25
72512,2
72528,10
72544,18
72560,26
72576,3
72592,11
72608,19
72624,27
72640,4
72656,12
72672,20
72688,28
72704,6
72720,14
72736,22
72752,30
72768,7
72784,15
72800,23
72816,31
72832,0
72848,8
72864,16
72880,24
72896,1
72912,9
72928,17
72944,25
72960,2
72976,10
72992,18
73008,26
73024,3
73040,11
73056,19
73072,27
73088,4
73092,4
73096,4
73104,12
73120,20
73136,28
73152,5
73156,5
73168,13
73184,21
73200,29
73216,7
73220,7
73224,7
73228,7
73232,15
73236,15
73240,15
73248,23
73264,31
73280,0
73284,0
73296,8
73312,16
73328,24
73344,1
73360,9
73376,17
73392,25
73408,2
73424,10
73440,18
73456,26
73472,3
73488,11
73504,19
73520,27
73536,4
73540,4
73544,4
73548,4
73552,12
73556,12
73560,12
73564,12
73568,20
73584,28
73600,5
73616,13
73632,21
73648,29
73664,6
73680,14
73696,22
73712,30
73728,0
73744,8
73760,16
73776,24
73792,1
73808,9
73824,17
73840,25
73856,2
73872,10
73888,18
73904,26
73920,3
73936,11
73952,19
73968,27
73984,4
74000,12
74016,20
74032,28
74048,5
74064,13
74080,21
74096,29
74112,6
74128,14
74144,22
74160,30
74176,7
74192,15
74208,23
74224,31
74240,1
74256,9
74272,17
74288,25
74304,2
74320,10
74336,18
74352,26
74368,3
74384,11
74400,19
74416,27
74432,4
74448,12
74464,20
74480,28
74496,5
74512,13
74528,21
74544,29
74560,6
74576,14
74592,22
74608,30
74624,7
74640,15
74656,23
74672,31
74688,0
74704,8
74720,16
74736,24
74752,2
74768,10
74784,18
74800,26
74816,3
74832,11
74848,19
74864,27
74880,4
74896,12
74912,20
74928,28
74944,5
74960,13
74976,21
74992,29
75008,6
75024,14
75040,22
75056,30
75072,7
75088,15
75104,23
75120,31
75136,0
75152,8
75168,16
75184,24
75200,1
75216,9
75232,17
75248,25
75264,3
75280,11
75296,19
75312,27
75328,4
75344,12
75360,20
75376,28
75392,5
75408,13
75424,21
75440,29
75456,6
75472,14
75488,22
75504,30
75520,7
75536,15
75552,23
75568,31
75584,0
75600,8
75616,16
75632,24
75648,1
75664,9
75680,17
75696,25
75712,2
75728,10
75744,18
75760,26
75776,4
75792,12
75808,20
75824,28
75840,5
75856,13
75872,21
75888,29
75904,6
75920,14
75936,22
75952,30
75968,7
75984,15
76000,23
76016,31
76032,0
76048,8
76064,16
76080,24
76096,1
76112,9
76128,17
76144,25
76160,2
76176,10
76192,18
76208,26
76224,3
76240,11
76256,19
76272,27
76288,5
76304,13
76320,21
76336,29
76352,6
76368,14
76384,22
76400,30
76416,7
76432,15
76448,23
76464,31
76480,0
76496,8
76512,16
76528,24
76544,1
76560,9
76576,17
76592,25
76608,2
76624,10
76640,18
76656,26
76672,3
76688,11
76704,19
76720,27
76736,4
76752,12
76768,20
76784,28
76800,6
76816,14
76832,22
76848,30
76864,7
76880,15
76896,23
76912,31
76928,0
76944,8
76960,16
76976,24
76992,1
77008,9
77024,17
77040,25
77056,2
77072,10
77088,18
77104,26
77120,3
77136,11
77152,19
77168,27
77184,4
77200,12
77216,20
77232,28
77248,5
77264,13
77280,21
77296,29
77312,7
77328,15
77344,23
77360,31
77376,0
77392,8
77408,16
77424,24
77440,1
77456,9
77472,17
77488,25
77504,2
77520,10
77536,18
77552,26
77568,3
77584,11
77600,19
77616,27
77632,4
77636,4
77640,4
77644,4
77648,12
77652,12
77656,12
77660,12
77664,20
77680,28
77696,5
77712,13
77728,21
77744,29
77760,6
77764,6
77768,6
77776,14
77792,22
77808,30
77824,0
77828,0
77832,0
77836,0
77840,8
77844,8
77848,8
77852,8
77856,16
77860,16
77864,16
77868,16
77872,24
77876,24
77888,1
77892,1
77896,1
77900,1
77904,9
77908,9
77912,9
77916,9
77920,17
77924,17
77928,17
77932,17
77936,25
77952,2
77956,2
77968,10
77984,18
78000,26
78016,3
78032,11
78048,19
78064,27
78080,4
78096,12
78112,20
78128,28
78144,5
78160,13
78176,21
78192,29
78208,6
78224,14
78240,22
78256,30
78272,7
78288,15
78304,23
78320,31
78336,1
78352,9
78368,17
78384,25
78400,2
78416,10
78432,18
78448,26
78464,3
78480,11
78496,19
78512,27
78528,4
78544,12
78560,20
78576,28
78592,5
78608,13
78624,21
78640,29
78656,6
78672,14
78688,22
78704,30
78720,7
78724,7
78728,7
78732,7
78736,15
78740,15
78744,15
78748,15
78752,23
78756,23
78760,23
78764,23
78768,31
78772,31
78776,31
78780,31
78784,0
78788,0
78792,0
78796,0
78800,8
78804,8
78808,8
78812,8
78816,16
78820,16
78824,16
78828,16
78832,24
78836,24
78840,24
78844,24
78848,2
78864,10
78880,18
78896,26
78912,3
78928,11
78944,19
78960,27
78976,4
78980,4
78992,12
79008,20
79024,28
79040,5
79056,13
79072,21
79088,29
79104,6
79120,14
79136,22
79152,30
79168,7
79184,15
79200,23
79216,31
79232,0
79248,8
79264,16
79280,24
79296,1
79312,9
79328,17
79344,25
79360,3
79376,11
79392,19
79408,27
79424,4
79440,12
79456,20
79472,28
79488,5
79504,13
79520,21
79536,29
79552,6
79568,14
79584,22
79600,30
79616,7
79632,15
79648,23
79664,31
79680,0
79696,8
79712,16
79728,24
79744,1
79760,9
79776,17
79792,25
79808,2
79824,10
79840,18
79856,26
79872,4
79888,12
79904,20
79920,28
79936,5
79952,13
79968,21
79984,29
80000,6
80016,14
80032,22
80048,30
80064,7
80080,15
80096,23
80112,31
80128,0
80144,8
80160,16
80176,24
80192,1
80208,9
80224,17
80240,25
80256,2
80272,10
80288,18
80304,26
80320,3
80336,11
80352,19
80368,27
80384,5
80400,13
80416,21
80432,29
80448,6
80464,14
80480,22
80496,30
80512,7
80528,15
80544,23
80560,31
80576,0
80592,8
80608,16
80624,24
80640,1
80656,9
80672,17
80688,25
80704,2
80720,10
80736,18
80752,26
80768,3
80784,11
80800,19
80816,27
80832,4
80848,12
80864,20
80880,28
80896,6
80912,14
80928,22
80944,30
80960,7
80976,15
80992,23
81008,31
81024,0
81028,0
81032,0
81040,8
81056,16
81072,24
81088,1
81092,1
81096,1
81104,9
81120,17
81136,25
81152,2
81156,2
81160,2
81168,10
81184,18
81200,26
81216,3
81220,3
81224,3
81232,11
81248,19
81264,27
81280,4
81284,4
81288,4
81296,12
81312,20
81328,28
81344,5
81348,5
81352,5
81360,13
81376,21
81392,29
81408,7
81412,7
81416,7
81424,15
81440,23
81456,31
81472,0
81476,0
81480,0
81488,8
81504,16
81520,24
81536,1
81540,1
81544,1
81552,9
81568,17
81584,25
81600,2
81604,2
81608,2
81616,10
81632,18
81648,26
81664,3
81668,3
81672,3
81680,11
81696,19
81712,27
81728,4
81732,4
81736,4
81744,12
81760,20
81776,28
81792,5
81808,13
81824,21
81840,29
81856,6
81872,14
81888,22
81904,30
81920,0
81936,8
81952,16
81968,24
81984,1
82000,9
82016,17
82032,25
82048,2
82064,10
82080,18
82096,26
82112,3
82128,11
82144,19
82160,27
82176,4
82192,12
82208,20
82224,28
82240,5
82256,13
82272,21
82288,29
82304,6
82320,14
82336,22
82352,30
82368,7
82384,15
82400,23
82416,31
82432,1
82448,9
82464,17
82480,25
82496,2
82512,10
82528,18
82544,26
82560,3
82576,11
82592,19
82608,27
82624,4
82640,12
82656,20
82672,28
82688,5
82704,13
82720,21
82736,29
82752,6
82768,14
82784,22
82800,30
82816,7
82832,15
82848,23
82864,31
82880,0
82896,8
82912,16
82928,24
82944,2
82960,10
82976,18
82992,26
83008,3
83024,11
83040,19
83056,27
83072,4
83088,12
83104,20
83120,28
83136,5
83152,13
83168,21
83184,29
83200,6
83216,14
83232,22
83248,30
83264,7
83280,15
83296,23
83312,31
83328,0
83344,8
83360,16
83376,24
83392,1
83408,9
83424,17
83440,25
83456,3
83472,11
83488,19
83504,27
83520,4
83536,12
83552,20
83568,28
83584,5
83600,13
83616,21
83632,29
83648,6
83664,14
83680,22
83696,30
83712,7
83728,15
83744,23
83760,31
83776,0
83792,8
83808,16
83824,24
83840,1
83856,9
83872,17
83888,25
83904,2
83920,10
83936,18
83952,26
83968,4
83984,12
84000,20
84016,28
84032,5
84048,13
84064,21
84080,29
84096,6
84112,14
84128,22
84144,30
84160,7
84176,15
84192,23
84208,31
84224,0
84240,8
84256,16
84272,24
84288,1
84304,9
84320,17
84336,25
84352,2
84368,10
84384,18
84400,26
84416,3
84432,11
84448,19
84464,27
84480,5
84496,13
84512,21
84528,29
84544,6
84560,14
84576,22
84592,30
84608,7
84624,15
84640,23
84656,31
84672,0
84688,8
84704,16
84720,24
84736,1
84752,9
84768,17
84784,25
84800,2
84816,10
84832,18
84848,26
84864,3
84880,11
84896,19
84912,27
84928,4
84944,12
84960,20
84976,28
84992,6
85008,14
85024,22
85040,30
85056,7
85072,15
85088,23
85104,31
85120,0
85136,8
85152,16
85168,24
85184,1
85200,9
85216,17
85232,25
85248,2
85264,10
85280,18
85296,26
85312,3
85328,11
85344,19
85360,27
85376,4
85392,12
85408,20
85424,28
85440,5
85456,13
85472,21
85488,29
85504,7
85520,15
85536,23
85552,31
85568,0
85584,8
85600,16
85616,24
85632,1
85648,9
85664,17
85680,25
85696,2
85712,10
85728,18
85744,26
85760,3
85776,11
85792,19
85808,27
85824,4
85840,12
85856,20
85872,28
85888,5
85904,13
85920,21
85936,29
85952,6
85968,14
85984,22
86000,30
86016,0
86032,8
86048,16
86064,24
86080,1
86096,9
86112,17
86128,25
86144,2
86160,10
86176,18
86192,26
86208,3
86224,11
86240,19
86256,27
86272,4
86288,12
86304,20
86320,28
86336,5
86352,13
86368,21
86384,29
86400,6
86416,14
86432,22
86448,30
86464,7
86480,15
86496,23
86512,31
86528,1
86544,9
86560,17
86576,25
86592,2
86608,10
86624,18
86640,26
86656,3
86672,11
86688,19
86704,27
86720,4
86736,12
86752,20
86768,28
86784,5
86800,13
86816,21
86832,29
86848,6
86864,14
86880,22
86896,30
86912,7
86928,15
86944,23
86960,31
86976,0
86992,8
87008,16
87024,24
87040,2
87044,2
87048,2
87052,2
87056,10
87060,10
87064,10
87068,10
87072,18
87088,26
87104,3
87120,11
87136,19
87152,27
87168,4
87184,12
87200,20
87216,28
87232,5
87248,13
87264,21
87280,29
87296,6
87312,14
87328,22
87344,30
87360,7
87376,15
87392,23
87408,31
87424,0
87440,8
87456,16
87472,24
87488,1
87504,9
87520,17
87536,25
87552,3
87568,11
87584,19
87600,27
87616,4
87632,12
87648,20
87664,28
87680,5
87696,13
87712,21
87728,29
87744,6
87760,14
87776,22
87792,30
87808,7
87824,15
87840,23
87856,31
87872,0
87888,8
87904,16
87920,24
87936,1
87952,9
87968,17
87984,25
88000,2
88016,10
88032,18
88048,26
88064,4
88068,4
88072,4
88076,4
88080,12
88084,12
88088,12
88096,20
88112,28
88128,5
88132,5
88144,13
88160,21
88176,29
88192,6
88196,6
88200,6
88204,6
88208,14
88224,22
88240,30
88256,7
88272,15
88288,23
88304,31
88320,0
88336,8
88352,16
88368,24
88384,1
88400,9
88416,17
88432,25
88448,2
88464,10
88480,18
88496,26
88512,3
88528,11
88544,19
88560,27
88576,5
88592,13
88608,21
88624,29
88640,6
88656,14
88672,22
88688,30
88704,7
88720,15
88736,23
88752,31
88768,0
88784,8
88800,16
88816,24
88832,1
88848,9
88864,17
88880,25
88896,2
88912,10
88928,18
88944,26
88960,3
88976,11
88992,19
89008,27
89024,4
89040,12
89056,20
89072,28
89088,6
89104,14
89120,22
89136,30
89152,7
89168,15
89184,23
89200,31
89216,0
89220,0
89232,8
89248,16
89264,24
89280,1
89296,9
89312,17
89328,25
89344,2
89360,10
89376,18
89392,26
89408,3
89424,11
89440,19
89456,27
89472,4
89488,12
89504,20
89520,28
89536,5
89552,13
89568,21
89584,29
89600,7
89604,7
89608,7
89616,15
89632,23
89648,31
89664,0
89668,0
89672,0
89680,8
89696,16
89712,24
89728,1
89732,1
89736,1
89744,9
89760,17
89776,25
89792,2
89796,2
89800,2
89808,10
89824,18
89840,26
89856,3
89872,11
89888,19
89904,27
89920,4
89936,12
89952,20
89968,28
89984,5
90000,13
90016,21
90032,29
90048,6
90064,14
90080,22
90096,30
90112,0
90128,8
90144,16
90160,24
90176,1
90192,9
90208,17
90224,25
90240,2
90256,10
90272,18
90288,26
90304,3
90320,11
90336,19
90352,27
90368,4
90384,12
90400,20
90416,28
90432,5
90448,13
90464,21
90480,29
90496,6
90512,14
90528,22
90544,30
90560,7
90576,15
90592,23
90608,31
90624,1
90640,9
90656,17
90672,25
90688,2
90704,10
90720,18
90736,26
90752,3
90768,11
90784,19
90800,27
90816,4
90832,12
90848,20
90864,28
90880,5
90896,13
90912,21
90928,29
90944,6
90960,14
90976,22
90992,30
91008,7
91024,15
91040,23
91056,31
91072,0
91088,8
91104,16
91120,24
91136,2
91152,10
91168,18
91184,26
91200,3
91216,11
91232,19
91248,27
91264,4
91280,12
91296,20
91312,28
91328,5
91344,13
91360,21
91376,29
91392,6
91396,6
91400,6
91404,6
91408,14
91412,14
91416,14
91424,22
91440,30
91456,7
91460,7
91464,7
91468,7
91472,15
91476,15
91480,15
91488,23
91504,31
91520,0
91524,0
91528,0
91532,0
91536,8
91540,8
91544,8
91548,8
91552,16
91568,24
91584,1
91588,1
91592,1
91596,1
91600,9
91616,17
91632,25
91648,3
91652,3
91664,11
91680,19
91696,27
91712,4
91716,4
91720,4
91724,4
91728,12
91732,12
91736,12
91740,12
91744,20
91760,28
91776,5
91792,13
91808,21
91824,29
91840,6
91856,14
91872,22
91888,30
91904,7
91920,15
91936,23
91952,31
91968,0
91984,8
92000,16
92016,24
92032,1
92048,9
92064,17
92080,25
92096,2
92112,10
92128,18
92144,26
92160,4
92176,12
92192,20
92208,28
92224,5
92240,13
92256,21
92272,29
92288,6
92304,14
92320,22
92336,30
92352,7
92368,15
92384,23
92400,31
92416,0
92432,8
92448,16
92464,24
92480,1
92496,9
92512,17
92528,25
92544,2
92560,10
92576,18
92592,26
92608,3
92624,11
92640,19
92656,27
92672,5
92688,13
92704,21
92720,29
92736,6
92752,14
92768,22
92784,30
92800,7
92816,15
92832,23
92848,31
92864,0
92880,8
92896,16
92912,24
92928,1
92944,9
92960,17
92976,25
92992,2
93008,10
93024,18
93040,26
93056,3
93072,11
93088,19
93104,27
93120,4
93136,12
93152,20
93168,28
93184,6
93200,14
93216,22
93232,30
93248,7
93264,15
93280,23
93296,31
93312,0
93328,8
93344,16
93360,24
93376,1
93392,9
93408,17
93424,25
93440,2
93456,10
93472,18
93488,26
93504,3
93520,11
93536,19
93552,27
93568,4
93584,12
93600,20
93616,28
93632,5
93648,13
93664,21
93680,29
93696,7
93712,15
93728,23
93744,31
93760,0
93776,8
93792,16
93808,24
93824,1
93840,9
93856,17
93872,25
93888,2
93904,10
93920,18
93936,26
93952,3
93968,11
93984,19
94000,27
94016,4
94032,12
94048,20
94064,28
94080,5
94096,13
94112,21
94128,29
94144,6
94160,14
94176,22
94192,30
94208,0
94224,8
94240,16
94256,24
94272,1
94288,9
94304,17
94320,25
94336,2
94352,10
94368,18
94384,26
94400,3
94416,11
94432,19
94448,27
94464,4
94480,12
94496,20
94512,28
94528,5
94544,13
94560,21
94576,29
94592,6
94608,14
94624,22
94640,30
94656,7
94672,15
94688,23
94704,31
94720,1
94736,9
94752,17
94768,25
94784,2
94800,10
94816,18
94832,26
94848,3
94864,11
94880,19
94896,27
94912,4
94928,12
94944,20
94960,28
94976,5
94992,13
95008,21
95024,29
95040,6
95056,14
95072,22
95088,30
95104,7
95120,15
95136,23
95152,31
95168,0
95184,8
95200,16
95216,24
95232,2
95248,10
95264,18
95280,26
95296,3
95312,11
95328,19
95344,27
95360,4
95376,12
95392,20
95408,28
95424,5
95440,13
95456,21
95472,29
95488,6
95504,14
95520,22
95536,30
95552,7
95568,15
95584,23
95600,31
95616,0
95632,8
95648,16
95664,24
95680,1
95696,9
95712,17
95728,25
95744,3
95760,11
95776,19
95792,27
95808,4
95824,12
95840,20
95856,28
95872,5
95888,13
95904,21
95920,29
95936,6
95952,14
95968,22
95984,30
96000,7
96016,15
96032,23
96048,31
96064,0
96080,8
96096,16
96112,24
96128,1
96144,9
96160,17
96176,25
96192,2
96208,10
96224,18
96240,26
96256,4
96272,12
96288,20
96304,28
96320,5
96336,13
96352,21
96368,29
96384,6
96388,6
96400,14
96416,22
96432,30
96448,7
96452,7
96464,15
96480,23
96496,31
96512,0
96516,0
96520,0
96528,8
96544,16
96560,24
96576,1
96580,1
96584,1
96592,9
96608,17
96624,25
96640,2
96644,2
96656,10
96672,18
96688,26
96704,3
96708,3
96712,3
96716,3
96720,11
96736,19
96752,27
96768,5
96772,5
96776,5
96784,13
96800,21
96816,29
96832,6
96836,6
96840,6
96848,14
96864,22
96880,30
96896,7
96900,7
96912,15
96928,23
96944,31
96960,0
96964,0
96968,0
96972,0
96976,8
96992,16
97008,24
97024,1
97040,9
97056,17
97072,25
97088,2
97104,10
97120,18
97136,26
97152,3
97168,11
97184,19
97200,27
97216,4
97232,12
97248,20
97264,28
97280,6
97296,14
97312,22
97328,30
97344,7
97360,15
97376,23
97392,31
97408,0
97424,8
97440,16
97456,24
97472,1
97488,9
97504,17
97520,25
97536,2
97552,10
97568,18
97584,26
97600,3
97616,11
97632,19
97648,27
97664,4
97680,12
97696,20
97712,28
97728,5
97744,13
97760,21
97776,29
97792,7
97808,15
97824,23
97840,31
97856,0
97872,8
97888,16
97904,24
97920,1
97936,9
97952,17
97968,25
97984,2
98000,10
98016,18
98032,26
98048,3
98064,11
98080,19
98096,27
98112,4
98128,12
98144,20
98160,28
98176,5
98192,13
98208,21
98224,29
98240,6
98256,14
98272,22
98288,30
98304,0
98320,8
98336,16
98352,24
98368,1
98384,9
98400,17
98416,25
98432,2
98448,10
98464,18
98480,26
98496,3
98512,11
98528,19
98544,27
98560,4
98576,12
98592,20
98608,28
98624,5
98640,13
98656,21
98672,29
98688,6
98704,14
98720,22
98736,30
98752,7
98768,15
98784,23
98800,31
98816,1
98832,9
98848,17
98864,25
98880,2
98896,10
98912,18
98928,26
98944,3
98960,11
98976,19
98992,27
99008,4
99024,12
99040,20
99056,28
99072,5
99088,13
99104,21
99120,29
99136,6
99152,14
99168,22
99184,30
99200,7
99216,15
99232,23
99248,31
99264,0
99280,8
99296,16
99312,24
99328,2
99344,10
99360,18
99376,26
99392,3
99408,11
99424,19
99440,27
99456,4
99472,12
99488,20
99504,28
99520,5
99536,13
99552,21
99568,29
99584,6
99600,14
99616,22
99632,30
99648,7
99664,15
99680,23
99696,31
99712,0
99728,8
99744,16
99760,24
99776,1
99792,9
99808,17
99824,25
99840,3
99856,11
99872,19
99888,27
99904,4
99920,12
99936,20
99952,28
99968,5
99984,13
100000,21
100016,29
100032,6
100048,14
100064,22
100080,30
100096,7
100112,15
100128,23
100144,31
100160,0
100176,8
100192,16
100208,24
100224,1
100240,9
100256,17
100272,25
100288,2
100304,10
100320,18
100336,26
100352,4
100368,12
100384,20
100400,28
100416,5
100432,13
100448,21
100464,29
100480,6
100496,14
100512,22
100528,30
100544,7
100560,15
100576,23
100592,31
100608,0
100624,8
100640,16
100656,24
100672,1
100688,9
100704,17
100720,25
100736,2
100752,10
100768,18
100784,26
100800,3
100816,11
100832,19
100848,27
100864,5
100880,13
100896,21
100912,29
100928,6
100944,14
100960,22
100976,30
100992,7
101008,15
101024,23
101040,31
101056,0
101072,8
101088,16
101104,24
101120,1
101136,9
101152,17
101168,25
101184,2
101200,10
101216,18
101232,26
101248,3
101264,11
101280,19
101296,27
101312,4
101328,12
101344,20
101360,28
101376,6
101392,14
101408,22
101424,30
101440,7
101456,15
101472,23
101488,31
101504,0
101520,8
101536,16
101552,24
101568,1
101584,9
101600,17
101616,25
101632,2
101648,10
101664,18
101680,26
101696,3
101712,11
101728,19
101744,27
101760,4
101776,12
101792,20
101808,28
101824,5
101840,13
101856,21
101872,29
101888,7
101904,15
101920,23
101936,31
101952,0
101968,8
101984,16
102000,24
102016,1
102032,9
102048,17
102064,25
102080,2
102096,10
102112,18
102128,26
102144,3
102160,11
102176,19
102192,27
102208,4
102224,12
102240,20
102256,28
102272,5
102276,5
102280,5
102288,13
102304,21
102320,29
102336,6
102340,6
102344,6
102352,14
102368,22
102384,30
102400,0
102416,8
102432,16
102448,24
102464,1
102480,9
102496,17
102512,25
102528,2
102544,10
102560,18
102576,26
102592,3
102608,11
102624,19
102640,27
102656,4
102672,12
102688,20
102704,28
102720,5
102736,13
102752,21
102768,29
102784,6
102800,14
102816,22
102832,30
102848,7
102864,15
102880,23
102896,31
102912,1
102928,9
102944,17
102960,25
102976,2
102992,10
103008,18
103024,26
103040,3
103056,11
103072,19
103088,27
103104,4
103120,12
103136,20
103152,28
103168,5
103184,13
103200,21
103216,29
103232,6
103248,14
103264,22
103280,30
103296,7
103312,15
103328,23
103344,31
103360,0
103376,8
103392,16
103408,24
103424,2
103440,10
103456,18
103472,26
103488,3
103504,11
103520,19
103536,27
103552,4
103568,12
103584,20
103600,28
103616,5
103632,13
103648,21
103664,29
103680,6
103696,14
103712,22
103728,30
103744,7
103760,15
103776,23
103792,31
103808,0
103824,8
103840,16
103856,24
103872,1
103888,9
103904,17
103920,25
103936,3
103952,11
103968,19
103984,27
104000,4
104016,12
104032,20
104048,28
104064,5
104080,13
104096,21
104112,29
104128,6
104144,14
104160,22
104176,30
104192,7
104208,15
104224,23
104240,31
104256,0
104272,8
104288,16
104304,24
104320,1
104336,9
104352,17
104368,25
104384,2
104400,10
104416,18
104432,26
104448,4
104464,12
104480,20
104496,28
104512,5
104528,13
104544,21
104560,29
104576,6
104592,14
104608,22
104624,30
104640,7
104656,15
104672,23
104688,31
104704,0
104720,8
104736,16
104752,24
104768,1
104784,9
104800,17
104816,25
104832,2
104848,10
104864,18
104880,26
104896,3
104912,11
104928,19
104944,27
104960,5
104976,13
104992,21
105008,29
105024,6
105040,14
105056,22
105072,30
105088,7
105104,15
105120,23
105136,31
105152,0
105168,8
105184,16
105200,24
105216,1
105232,9
105248,17
105264,25
105280,2
105296,10
105312,18
105328,26
105344,3
105360,11
105376,19
105392,27
105408,4
105424,12
105440,20
105456,28
105472,6
105488,14
105504,22
105520,30
105536,7
105552,15
105568,23
105584,31
105600,0
105616,8
105632,16
105648,24
105664,1
105680,9
105696,17
105712,25
105728,2
105744,10
105760,18
105776,26
105792,3
105808,11
105824,19
105840,27
105856,4
105872,12
105888,20
105904,28
105920,5
105936,13
105952,21
105968,29
105984,7
106000,15
106016,23
106032,31
106048,0
106064,8
106080,16
106096,24
106112,1
106128,9
106144,17
106160,25
106176,2
106192,10
106208,18
106224,26
106240,3
106244,3
106248,3
106256,11
106272,19
106288,27
106304,4
106308,4
106312,4
106320,12
106336,20
106352,28
106368,5
106372,5
106376,5
106384,13
106400,21
106416,29
106432,6
106436,6
106440,6
106448,14
106464,22
106480,30
106496,0
106512,8
106528,16
106544,24
106560,1
106576,9
106592,17
106608,25
106624,2
106640,10
106656,18
106672,26
106688,3
106704,11
106720,19
106736,27
106752,4
106768,12
106784,20
106800,28
106816,5
106832,13
106848,21
106864,29
106880,6
106896,14
106912,22
106928,30
106944,7
106960,15
106976,23
106992,31
107008,1
107024,9
107040,17
107056,25
107072,2
107088,10
107104,18
107120,26
107136,3
107152,11
107168,19
107184,27
107200,4
107216,12
107232,20
107248,28
107264,5
107280,13
107296,21
107312,29
107328,6
107344,14
107360,22
107376,30
107392,7
107408,15
107424,23
107440,31
107456,0
107472,8
107488,16
107504,24
107520,2
107536,10
107552,18
107568,26
107584,3
107600,11
107616,19
107632,27
107648,4
107664,12
107680,20
107696,28
107712,5
107728,13
107744,21
107760,29
107776,6
107792,14
107808,22
107824,30
107840,7
107856,15
107872,23
107888,31
107904,0
107920,8
107936,16
107952,24
107968,1
107984,9
108000,17
108016,25
108032,3
108036,3
108040,3
108044,3
108048,11
108052,11
108056,11
108064,19
108080,27
108096,4
108100,4
108112,12
108128,20
108144,28
108160,5
108164,5
108176,13
108192,21
108208,29
108224,6
108240,14
108256,22
108272,30
108288,7
108304,15
108320,23
108336,31
108352,0
108368,8
108384,16
108400,24
108416,1
108432,9
108448,17
108464,25
108480,2
108496,10
108512,18
108528,26
108544,4
108560,12
108576,20
108592,28
108608,5
108624,13
108640,21
108656,29
108672,6
108688,14
108704,22
108720,30
108736,7
108752,15
108768,23
108784,31
108800,0
108816,8
108832,16
108848,24
108864,1
108880,9
108896,17
108912,25
108928,2
108944,10
108960,18
108976,26
108992,3
109008,11
109024,19
109040,27
109056,5
109072,13
109088,21
109104,29
109120,6
109136,14
109152,22
109168,30
109184,7
109200,15
109216,23
109232,31
109248,0
109264,8
109280,16
109296,24
109312,1
109328,9
109344,17
109360,25
109376,2
109392,10
109408,18
109424,26
109440,3
109456,11
109472,19
109488,27
109504,4
109520,12
109536,20
109552,28
109568,6
109584,14
109600,22
109616,30
109632,7
109648,15
109664,23
109680,31
109696,0
109712,8
109728,16
109744,24
109760,1
109776,9
109792,17
109808,25
109824,2
109840,10
109856,18
109872,26
109888,3
109904,11
109920,19
109936,27
109952,4
109968,12
109984,20
110000,28
110016,5
110032,13
110048,21
110064,29
110080,7
110096,15
110112,23
110128,31
110144,0
110160,8
110176,16
110192,24
110208,1
110224,9
110240,17
110256,25
110272,2
110288,10
110304,18
110320,26
110336,3
110352,11
110368,19
110384,27
110400,4
110416,12
110432,20
110448,28
110464,5
110480,13
110496,21
110512,29
110528,6
110544,14
110560,22
110576,30
110592,0
110608,8
110624,16
110640,24
110656,1
110672,9
110688,17
110704,25
110720,2
110736,10
110752,18
110768,26
110784,3
110800,11
110816,19
110832,27
110848,4
110864,12
110880,20
110896,28
110912,5
110928,13
110944,21
110960,29
110976,6
110992,14
111008,22
111024,30
111040,7
111056,15
111072,23
111088,31
111104,1
111120,9
111136,17
111152,25
111168,2
111172,2
111176,2
111180,2
111184,10
111188,10
111192,10
111200,18
111216,26
111232,3
111236,3
111248,11
111264,19
111280,27
111296,4
111300,4
111304,4
111308,4
111312,12
111328,20
111344,28
111360,5
111364,5
111376,13
111392,21
111408,29
111424,6
111428,6
111432,6
111436,6
111440,14
111456,22
111472,30
111488,7
111504,15
111520,23
111536,31
111552,0
111568,8
111584,16
111600,24
111616,2
111632,10
111648,18
111664,26
111680,3
111696,11
111712,19
111728,27
111744,4
111760,12
111776,20
111792,28
111808,5
111824,13
111840,21
111856,29
111872,6
111888,14
111904,22
111920,30
111936,7
111952,15
111968,23
111984,31
112000,0
112016,8
112032,16
112048,24
112064,1
112080,9
112096,17
112112,25
112128,3
112144,11
112160,19
112176,27
112192,4
112208,12
112224,20
112240,28
112256,5
112272,13
112288,21
112304,29
112320,6
112336,14
112352,22
112368,30
112384,7
112400,15
112416,23
112432,31
112448,0
112464,8
112480,16
112496,24
112512,1
112528,9
112544,17
112560,25
112576,2
112592,10
112608,18
112624,26
112640,4
112656,12
112672,20
112688,28
112704,5
112720,13
112736,21
112752,29
112768,6
112784,14
112800,22
112816,30
112832,7
112848,15
112864,23
112880,31
112896,0
112912,8
112928,16
112944,24
112960,1
112976,9
112992,17
113008,25
113024,2
113040,10
113056,18
113072,26
113088,3
113104,11
113120,19
113136,27
113152,5
113168,13
113184,21
113200,29
113216,6
113232,14
113248,22
113264,30
113280,7
113296,15
113312,23
113328,31
113344,0
113360,8
113376,16
113392,24
113408,1
113424,9
113440,17
113456,25
113472,2
113488,10
113504,18
113520,26
113536,3
113552,11
113568,19
113584,27
113600,4
113616,12
113632,20
113648,28
113664,6
113680,14
113696,22
113712,30
113728,7
113744,15
113760,23
113776,31
113792,0
113808,8
113824,16
113840,24
113856,1
113872,9
113888,17
113904,25
113920,2
113936,10
113952,18
113968,26
113984,3
114000,11
114016,19
114032,27
114048,4
114064,12
114080,20
114096,28
114112,5
114128,13
114144,21
114160,29
114176,7
114192,15
114208,23
114224,31
114240,0
114256,8
114272,16
114288,24
114304,1
114320,9
114336,17
114352,25
114368,2
114384,10
114400,18
114416,26
114432,3
114448,11
114464,19
114480,27
114496,4
114512,12
114528,20
114544,28
114560,5
114576,13
114592,21
114608,29
114624,6
114640,14
114656,22
114672,30
114688,0
114704,8
114720,16
114736,24
114752,1
114768,9
114784,17
114800,25
114816,2
114832,10
114848,18
114864,26
114880,3
114896,11
114912,19
114928,27
114944,4
114960,12
114976,20
114992,28
115008,5
115024,13
115040,21
115056,29
115072,6
115088,14
115104,22
115120,30
115136,7
115152,15
115168,23
115184,31
115200,1
115216,9
115232,17
115248,25
115264,2
115280,10
115296,18
115312,26
115328,3
115344,11
115360,19
115376,27
115392,4
115408,12
115424,20
115440,28
115456,5
115472,13
115488,21
115504,29
115520,6
115536,14
115552,22
115568,30
115584,7
115600,15
115616,23
115632,31
115648,0
115664,8
115680,16
115696,24
115712,2
115728,10
115744,18
115760,26
115776,3
115792,11
115808,19
115824,27
115840,4
115856,12
115872,20
115888,28
115904,5
115920,13
115936,21
115952,29
115968,6
115984,14
116000,22
116016,30
116032,7
116048,15
116064,23
116080,31
116096,0
116112,8
116128,16
116144,24
116160,1
116176,9
116192,17
116208,25
116224,3
116240,11
116256,19
116272,27
116288,4
116304,12
116320,20
116336,28
116352,5
116368,13
116384,21
116400,29
116416,6
116432,14
116448,22
116464,30
116480,7
116496,15
116512,23
116528,31
116544,0
116560,8
116576,16
116592,24
116608,1
116624,9
116640,17
116656,25
116672,2
116688,10
116704,18
116720,26
116736,4
116752,12
116768,20
116784,28
116800,5
116816,13
116832,21
116848,29
116864,6
116880,14
116896,22
116912,30
116928,7
116944,15
116960,23
116976,31
116992,0
117008,8
117024,16
117040,24
117056,1
117072,9
117088,17
117104,25
117120,2
117136,10
117152,18
117168,26
117184,3
117200,11
117216,19
117232,27
117248,5
117264,13
117280,21
117296,29
117312,6
117328,14
117344,22
117360,30
117376,7
117392,15
117408,23
117424,31
117440,0
117456,8
117472,16
117488,24
117504,1
117520,9
117536,17
117552,25
117568,2
117572,2
117584,10
117600,18
117616,26
117632,3
117636,3
117640,3
117648,11
117664,19
117680,27
117696,4
117700,4
117704,4
117712,12
117728,20
117744,28
117760,6
117764,6
117768,6
117772,6
117776,14
117792,22
117808,30
117824,7
117828,7
117832,7
117836,7
117840,15
117856,23
117872,31
117888,0
117892,0
117904,8
117920,16
117936,24
117952,1
117956,1
117968,9
117984,17
118000,25
118016,2
118020,2
118024,2
118028,2
118032,10
118048,18
118064,26
118080,3
118084,3
118088,3
118096,11
118112,19
118128,27
118144,4
118160,12
118176,20
118192,28
118208,5
118224,13
118240,21
118256,29
118272,7
118288,15
118304,23
118320,31
118336,0
118352,8
118368,16
118384,24
118400,1
118416,9
118432,17
118448,25
118464,2
118480,10
118496,18
118512,26
118528,3
118544,11
118560,19
118576,27
118592,4
118608,12
118624,20
118640,28
118656,5
118672,13
118688,21
118704,29
118720,6
118736,14
118752,22
118768,30
118784,0
118800,8
118816,16
118832,24
118848,1
118864,9
118880,17
118896,25
118912,2
118928,10
118944,18
118960,26
118976,3
118992,11
119008,19
119024,27
119040,4
119056,12
119072,20
119088,28
119104,5
119120,13
119136,21
119152,29
119168,6
119184,14
119200,22
119216,30
119232,7
119248,15
119264,23
119280,31
119296,1
119312,9
119328,17
119344,25
119360,2
119364,2
119368,2
119372,2
119376,10
119380,10
119384,10
119392,18
119408,26
119424,3
119428,3
119432,3
119436,3
119440,11
119456,19
119472,27
119488,4
119492,4
119504,12
119520,20
119536,28
119552,5
119568,13
119584,21
119600,29
119616,6
119632,14
119648,22
119664,30
119680,7
119696,15
119712,23
119728,31
119744,0
119760,8
119776,16
119792,24
119808,2
119824,10
119840,18
119856,26
119872,3
119888,11
119904,19
119920,27
119936,4
119952,12
119968,20
119984,28
120000,5
120016,13
120032,21
120048,29
120064,6
120080,14
120096,22
120112,30
120128,7
120144,15
120160,23
120176,31
120192,0
120208,8
120224,16
120240,24
120256,1
120272,9
120288,17
120304,25
120320,3
120336,11
120352,19
120368,27
120384,4
120400,12
120416,20
120432,28
120448,5
120464,13
120480,21
120496,29
120512,6
120528,14
120544,22
120560,30
120576,7
120592,15
120608,23
120624,31
120640,0
120656,8
120672,16
120688,24
120704,1
120720,9
120736,17
120752,25
120768,2
120784,10
120800,18
120816,26
120832,4
120848,12
120864,20
120880,28
120896,5
120912,13
120928,21
120944,29
120960,6
120976,14
120992,22
121008,30
121024,7
121040,15
121056,23
121072,31
121088,0
121104,8
121120,16
121136,24
121152,1
121168,9
121184,17
121200,25
121216,2
121232,10
121248,18
121264,26
121280,3
121296,11
121312,19
121328,27
121344,5
121360,13
121376,21
121392,29
121408,6
121424,14
121440,22
121456,30
121472,7
121488,15
121504,23
121520,31
121536,0
121552,8
121568,16
121584,24
121600,1
121616,9
121632,17
121648,25
121664,2
121680,10
121696,18
121712,26
121728,3
121744,11
121760,19
121776,27
121792,4
121808,12
121824,20
121840,28
121856,6
121872,14
121888,22
121904,30
121920,7
121936,15
121952,23
121968,31
121984,0
122000,8
122016,16
122032,24
122048,1
122064,9
122080,17
122096,25
122112,2
122128,10
122144,18
122160,26
122176,3
122192,11
122208,19
122224,27
122240,4
122256,12
122272,20
122288,28
122304,5
122320,13
122336,21
122352,29
122368,7
122384,15
122400,23
122416,31
122432,0
122448,8
122464,16
122480,24
122496,1
122512,9
122528,17
122544,25
122560,2
122576,10
122592,18
122608,26
122624,3
122640,11
122656,19
122672,27
122688,4
122704,12
122720,20
122736,28
122752,5
122768,13
122784,21
122800,29
122816,6
122832,14
122848,22
122864,30
122880,0
122896,8
122912,16
122928,24
122944,1
122960,9
122976,17
122992,25
123008,2
123024,10
123040,18
123056,26
123072,3
123088,11
123104,19
123120,27
123136,4
123152,12
123168,20
123184,28
123200,5
123216,13
123232,21
123248,29
123264,6
123280,14
123296,22
123312,30
123328,7
123344,15
123360,23
123376,31
123392,1
123408,9
123424,17
123440,25
123456,2
123472,10
123488,18
123504,26
123520,3
123536,11
123552,19
123568,27
123584,4
123600,12
123616,20
123632,28
123648,5
123664,13
123680,21
123696,29
123712,6
123728,14
123744,22
123760,30
123776,7
123792,15
123808,23
123824,31
123840,0
123856,8
123872,16
123888,24
123904,2
123920,10
123936,18
123952,26
123968,3
123984,11
124000,19
124016,27
124032,4
124048,12
124064,20
124080,28
124096,5
124112,13
124128,21
124144,29
124160,6
124176,14
124192,22
124208,30
124224,7
124240,15
124256,23
124272,31
124288,0
124304,8
124320,16
124336,24
124352,1
124368,9
124384,17
124400,25
124416,3
124432,11
124448,19
124464,27
124480,4
124496,12
124512,20
124528,28
124544,5
124560,13
124576,21
124592,29
124608,6
124624,14
124640,22
124656,30
124672,7
124688,15
124704,23
124720,31
124736,0
124752,8
124768,16
124784,24
124800,1
124816,9
124832,17
124848,25
124864,2
124880,10
124896,18
124912,26
124928,4
124944,12
124960,20
124976,28
124992,5
125008,13
125024,21
125040,29
125056,6
125072,14
125088,22
125104,30
125120,7
125136,15
125152,23
125168,31
125184,0
125200,8
125216,16
125232,24
125248,1
125264,9
125280,17
125296,25
125312,2
125328,10
125344,18
125360,26
125376,3
125392,11
125408,19
125424,27
125440,5
125456,13
125472,21
125488,29
125504,6
125520,14
125536,22
125552,30
125568,7
125584,15
125600,23
125616,31
125632,0
125648,8
125664,16
125680,24
125696,1
125712,9
125728,17
125744,25
125760,2
125776,10
125792,18
125808,26
125824,3
125840,11
125856,19
125872,27
125888,4
125904,12
125920,20
125936,28
125952,6
125968,14
125984,22
126000,30
126016,7
126032,15
126048,23
126064,31
126080,0
126096,8
126112,16
126128,24
126144,1
126160,9
126176,17
126192,25
126208,2
126224,10
126240,18
126256,26
126272,3
126288,11
126304,19
126320,27
126336,4
126352,12
126368,20
126384,28
126400,5
126416,13
126432,21
126448,29
126464,7
126480,15
126496,23
126512,31
126528,0
126544,8
126560,16
126576,24
126592,1
126608,9
126624,17
126640,25
126656,2
126672,10
126688,18
126704,26
126720,3
126736,11
126752,19
126768,27
126784,4
126788,4
126792,4
126800,12
126816,20
126832,28
126848,5
126864,13
126880,21
126896,29
126912,6
126928,14
126944,22
126960,30
126976,0
126992,8
127008,16
127024,24
127040,1
127056,9
127072,17
127088,25
127104,2
127120,10
127136,18
127152,26
127168,3
127184,11
127200,19
127216,27
127232,4
127248,12
127264,20
127280,28
127296,5
127312,13
127328,21
127344,29
127360,6
127376,14
127392,22
127408,30
127424,7
127440,15
127456,23
127472,31
127488,1
127504,9
127520,17
127536,25
127552,2
127568,10
127584,18
127600,26
127616,3
127632,11
127648,19
127664,27
127680,4
127696,12
127712,20
127728,28
127744,5
127760,13
127776,21
127792,29
127808,6
127824,14
127840,22
127856,30
127872,7
127888,15
127904,23
127920,31
127936,0
127952,8
127968,16
127984,24
128000,2
128016,10
128032,18
128048,26
128064,3
128080,11
128096,19
128112,27
128128,4
128144,12
128160,20
128176,28
128192,5
128208,13
128224,21
128240,29
128256,6
128272,14
128288,22
128304,30
128320,7
128336,15
128352,23
128368,31
128384,0
128400,8
128416,16
128432,24
128448,1
128452,1
128456,1
128464,9
128480,17
128496,25
128512,3
128516,3
128520,3
128524,3
128528,11
128532,11
128536,11
128540,11
128544,19
128548,19
128552,19
128556,19
128560,27
128564,27
128576,4
128580,4
128584,4
128588,4
128592,12
128596,12
128600,12
128604,12
128608,20
128612,20
128616,20
128620,20
128624,28
128640,5
128656,13
128672,21
128688,29
128704,6
128720,14
128736,22
128752,30
128768,7
128784,15
128800,23
128816,31
128832,0
128848,8
128864,16
128880,24
128896,1
128912,9
128928,17
128944,25
128960,2
128976,10
128992,18
129008,26
129024,4
129040,12
129056,20
129072,28
129088,5
129104,13
129120,21
129136,29
129152,6
129168,14
129184,22
129200,30
129216,7
129232,15
129248,23
129264,31
129280,0
129296,8
129312,16
129328,24
129344,1
129360,9
129376,17
129392,25
129408,2
129424,10
129440,18
129456,26
129472,3
129488,11
129504,19
129520,27
129536,5
129552,13
129568,21
129584,29
129600,6
129616,14
129632,22
129648,30
129664,7
129680,15
129696,23
129712,31
129728,0
129744,8
129760,16
129776,24
129792,1
129808,9
129824,17
129840,25
129856,2
129872,10
129888,18
129904,26
129920,3
129936,11
129952,19
129968,27
129984,4
130000,12
130016,20
130032,28
130048,6
130064,14
130080,22
130096,30
130112,7
130128,15
130144,23
130160,31
130176,0
130192,8
130208,16
130224,24
130240,1
130256,9
130272,17
130288,25
130304,2
130320,10
130336,18
130352,26
130368,3
130384,11
130400,19
130416,27
130432,4
130448,12
130464,20
130480,28
130496,5
130512,13
130528,21
130544,29
130560,7
130576,15
130592,23
130608,31
130624,0
130640,8
130656,16
130672,24
130688,1
130704,9
130720,17
130736,25
130752,2
130756,2
130760,2
130768,10
130784,18
130800,26
130816,3
130820,3
130824,3
130832,11
130848,19
130864,27
130880,4
130884,4
130888,4
130892,4
130896,12
130912,20
130928,28
130944,5
130948,5
130952,5
130960,13
130976,21
130992,29
131008,6
131024,14
131040,22
131056,30
131072,0
131088,8
131104,16
131120,24
131136,1
131152,9
131168,17
131184,25
131200,2
131216,10
131232,18
131248,26
131264,3
131280,11
131296,19
131312,27
131328,4
131344,12
131360,20
131376,28
131392,5
131408,13
131424,21
131440,29
131456,6
131472,14
131488,22
131504,30
131520,7
131536,15
131552,23
131568,31
131584,1
131600,9
131616,17
131632,25
131648,2
131664,10
131680,18
131696,26
131712,3
131728,11
131744,19
131760,27
131776,4
131792,12
131808,20
131824,28
131840,5
131856,13
131872,21
131888,29
131904,6
131920,14
131936,22
131952,30
131968,7
131984,15
132000,23
132016,31
132032,0
132048,8
132064,16
132080,24
132096,2
132112,10
132128,18
132144,26
132160,3
132176,11
132192,19
132208,27
132224,4
132240,12
132256,20
132272,28
132288,5
132304,13
132320,21
132336,29
132352,6
132368,14
132384,22
132400,30
132416,7
132432,15
132448,23
132464,31
132480,0
132496,8
132512,16
132528,24
132544,1
132560,9
132576,17
132592,25
132608,3
132624,11
132640,19
132656,27
132672,4
132688,12
132704,20
132720,28
132736,5
132752,13
132768,21
132784,29
132800,6
132816,14
132832,22
132848,30
132864,7
132880,15
132896,23
132912,31
132928,0
132944,8
132960,16
132976,24
132992,1
133008,9
133024,17
133040,25
133056,2
133072,10
133088,18
133104,26
133120,4
133136,12
133152,20
133168,28
133184,5
133200,13
133216,21
133232,29
133248,6
133264,14
133280,22
133296,30
133312,7
133328,15
133344,23
133360,31
133376,0
133392,8
133408,16
133424,24
133440,1
133456,9
133472,17
133488,25
133504,2
133520,10
133536,18
133552,26
133568,3
133584,11
133600,19
133616,27
133632,5
133648,13
133664,21
133680,29
133696,6
133712,14
133728,22
133744,30
133760,7
133776,15
133792,23
133808,31
133824,0
133840,8
133856,16
133872,24
133888,1
133904,9
133920,17
133936,25
133952,2
133968,10
133984,18
134000,26
134016,3
134032,11
134048,19
134064,27
134080,4
134096,12
134112,20
134128,28
134144,6
134160,14
134176,22
134192,30
134208,7
134224,15
134240,23
134256,31
134272,0
134288,8
134304,16
134320,24
134336,1
134352,9
134368,17
134384,25
134400,2
134416,10
134432,18
134448,26
134464,3
134480,11
134496,19
134512,27
134528,4
134544,12
134560,20
134576,28
134592,5
134608,13
134624,21
134640,29
134656,7
134672,15
134688,23
134704,31
134720,0
134736,8
134752,16
134768,24
134784,1
134800,9
134816,17
134832,25
134848,2
134864,10
134880,18
134896,26
134912,3
134928,11
134944,19
134960,27
134976,4
134992,12
135008,20
135024,28
135040,5
135056,13
135072,21
135088,29
135104,6
135120,14
135136,22
135152,30
135168,0
135184,8
135200,16
135216,24
135232,1
135248,9
135264,17
135280,25
135296,2
135312,10
135328,18
135344,26
135360,3
135376,11
135392,19
135408,27
135424,4
135440,12
135456,20
135472,28
135488,5
135504,13
135520,21
135536,29
135552,6
135568,14
135584,22
135600,30
135616,7
135632,15
135648,23
135664,31
135680,1
135696,9
135712,17
135728,25
135744,2
135760,10
135776,18
135792,26
135808,3
135824,11
135840,19
135856,27
135872,4
135876,4
135880,4
135884,4
135888,12
135892,12
135896,12
135904,20
135920,28
135936,5
135952,13
135968,21
135984,29
136000,6
136016,14
136032,22
136048,30
136064,7
136080,15
136096,23
136112,31
136128,0
136144,8
136160,16
136176,24
136192,2
136208,10
136224,18
136240,26
136256,3
136272,11
136288,19
136304,27
136320,4
136336,12
136352,20
136368,28
136384,5
136400,13
136416,21
136432,29
136448,6
136464,14
136480,22
136496,30
136512,7
136528,15
136544,23
136560,31
136576,0
136592,8
136608,16
136624,24
136640,1
136656,9
136672,17
136688,25
136704,3
136720,11
136736,19
136752,27
136768,4
136784,12
136800,20
136816,28
136832,5
136848,13
136864,21
136880,29
136896,6
136912,14
136928,22
136944,30
136960,7
136976,15
136992,23
137008,31
137024,0
137040,8
137056,16
137072,24
137088,1
137104,9
137120,17
137136,25
137152,2
137168,10
137184,18
137200,26
137216,4
137232,12
137248,20
137264,28
137280,5
137296,13
137312,21
137328,29
137344,6
137360,14
137376,22
137392,30
137408,7
137424,15
137440,23
137456,31
137472,0
137488,8
137504,16
137520,24
137536,1
137552,9
137568,17
137584,25
137600,2
137604,2
137608,2
137612,2
137616,10
137620,10
137624,10
137632,18
137648,26
137664,3
137680,11
137696,19
137712,27
137728,5
137744,13
137760,21
137776,29
137792,6
137808,14
137824,22
137840,30
137856,7
137872,15
137888,23
137904,31
137920,0
137936,8
137952,16
137968,24
137984,1
138000,9
138016,17
138032,25
138048,2
138064,10
138080,18
138096,26
138112,3
138128,11
138144,19
138160,27
138176,4
138192,12
138208,20
138224,28
138240,6
138256,14
138272,22
138288,30
138304,7
138320,15
138336,23
138352,31
138368,0
138384,8
138400,16
138416,24
138432,1
138448,9
138464,17
138480,25
138496,2
138512,10
138528,18
138544,26
138560,3
138576,11
138592,19
138608,27
138624,4
138640,12
138656,20
138672,28
138688,5
138704,13
138720,21
138736,29
138752,7
138768,15
138784,23
138800,31
138816,0
138832,8
138848,16
138864,24
138880,1
138896,9
138912,17
138928,25
138944,2
138960,10
138976,18
138992,26
139008,3
139024,11
139040,19
139056,27
139072,4
139088,12
139104,20
139120,28
139136,5
139152,13
139168,21
139184,29
139200,6
139216,14
139232,22
139248,30
139264,0
139280,8
139296,16
139312,24
139328,1
139344,9
139360,17
139376,25
139392,2
139408,10
139424,18
139440,26
139456,3
139472,11
139488,19
139504,27
139520,4
139536,12
139552,20
139568,28
139584,5
139600,13
139616,21
139632,29
139648,6
139664,14
139680,22
139696,30
139712,7
139728,15
139744,23
139760,31
139776,1
139792,9
139808,17
139824,25
139840,2
139856,10
139872,18
139888,26
139904,3
139920,11
139936,19
139952,27
139968,4
139984,12
140000,20
140016,28
140032,5
140048,13
140064,21
140080,29
140096,6
140112,14
140128,22
140144,30
140160,7
140176,15
140192,23
140208,31
140224,0
140240,8
140256,16
140272,24
140288,2
140304,10
140320,18
140336,26
140352,3
140368,11
140384,19
140400,27
140416,4
140432,12
140448,20
140464,28
140480,5
140496,13
140512,21
140528,29
140544,6
140560,14
140576,22
140592,30
140608,7
140624,15
140640,23
140656,31
140672,0
140688,8
140704,16
140720,24
140736,1
140752,9
140768,17
140784,25
140800,3
140816,11
140832,19
140848,27
140864,4
140880,12
140896,20
140912,28
140928,5
140944,13
140960,21
140976,29
140992,6
141008,14
141024,22
141040,30
141056,7
141072,15
141088,23
141104,31
141120,0
141136,8
141152,16
141168,24
141184,1
141200,9
141216,17
141232,25
141248,2
141264,10
141280,18
141296,26
141312,4
141328,12
141344,20
141360,28
141376,5
141392,13
141408,21
141424,29
141440,6
141456,14
141472,22
141488,30
141504,7
141520,15
141536,23
141552,31
141568,0
141584,8
141600,16
141616,24
141632,1
141648,9
141664,17
141680,25
141696,2
141712,10
141728,18
141744,26
141760,3
141776,11
141792,19
141808,27
141824,5
141840,13
141856,21
141872,29
141888,6
141904,14
141920,22
141936,30
141952,7
141968,15
141984,23
142000,31
142016,0
142032,8
142048,16
142064,24
142080,1
142096,9
142112,17
142128,25
142144,2
142160,10
142176,18
142192,26
142208,3
142224,11
142240,19
142256,27
142272,4
142288,12
142304,20
142320,28
142336,6
142352,14
142368,22
142384,30
142400,7
142416,15
142432,23
142448,31
142464,0
142480,8
142496,16
142512,24
142528,1
142544,9
142560,17
142576,25
142592,2
142608,10
142624,18
142640,26
142656,3
142672,11
142688,19
142704,27
142720,4
142736,12
142752,20
142768,28
142784,5
142800,13
142816,21
142832,29
142848,7
142864,15
142880,23
142896,31
142912,0
142928,8
142944,16
142960,24
142976,1
142992,9
143008,17
143024,25
143040,2
143056,10
143072,18
143088,26
143104,3
143120,11
143136,19
143152,27
143168,4
143184,12
143200,20
143216,28
143232,5
143248,13
143264,21
143280,29
143296,6
143312,14
143328,22
143344,30
143360,0
143376,8
143392,16
143408,24
143424,1
143440,9
143456,17
143472,25
143488,2
143504,10
143520,18
143536,26
143552,3
143568,11
143584,19
143600,27
143616,4
143632,12
143648,20
143664,28
143680,5
143696,13
143712,21
143728,29
143744,6
143760,14
143776,22
143792,30
143808,7
143824,15
143840,23
143856,31
143872,1
143888,9
143904,17
143920,25
143936,2
143952,10
143968,18
143984,26
144000,3
144016,11
144032,19
144048,27
144064,4
144080,12
144096,20
144112,28
144128,5
144144,13
144160,21
144176,29
144192,6
144208,14
144224,22
144240,30
144256,7
144272,15
144288,23
144304,31
144320,0
144336,8
144352,16
144368,24
144384,2
144400,10
144416,18
144432,26
144448,3
144464,11
144480,19
144496,27
144512,4
144528,12
144544,20
144560,28
144576,5
144592,13
144608,21
144624,29
144640,6
144656,14
144672,22
144688,30
144704,7
144720,15
144736,23
144752,31
144768,0
144784,8
144800,16
144816,24
144832,1
144848,9
144864,17
144880,25
144896,3
144912,11
144928,19
144944,27
144960,4
144976,12
144992,20
145008,28
145024,5
145040,13
145056,21
145072,29
145088,6
145104,14
145120,22
145136,30
145152,7
145168,15
145184,23
145200,31
145216,0
145232,8
145248,16
145264,24
145280,1
145296,9
145312,17
145328,25
145344,2
145360,10
145376,18
145392,26
145408,4
145424,12
145440,20
145456,28
145472,5
145488,13
145504,21
145520,29
145536,6
145552,14
145568,22
145584,30
145600,7
145616,15
145632,23
145648,31
145664,0
145680,8
145696,16
145712,24
145728,1
145744,9
145760,17
145776,25
145792,2
145808,10
145824,18
145840,26
145856,3
145872,11
145888,19
145904,27
145920,5
145936,13
145952,21
145968,29
145984,6
146000,14
146016,22
146032,30
146048,7
146064,15
146080,23
146096,31
146112,0
146128,8
146144,16
146160,24
146176,1
146192,9
146208,17
146224,25
146240,2
146256,10
146272,18
146288,26
146304,3
146320,11
146336,19
146352,27
146368,4
146384,12
146400,20
146416,28
146432,6
146448,14
146464,22
146480,30
146496,7
146512,15
146528,23
146544,31
146560,0
146576,8
146592,16
146608,24
146624,1
146640,9
146656,17
146672,25
146688,2
146704,10
146720,18
146736,26
146752,3
146768,11
146784,19
146800,27
146816,4
146832,12
146848,20
146864,28
146880,5
146896,13
146912,21
146928,29
146944,7
146960,15
146976,23
146992,31
147008,0
147024,8
147040,16
147056,24
147072,1
147088,9
147104,17
147120,25
147136,2
147152,10
147168,18
147184,26
147200,3
147216,11
147232,19
147248,27
147264,4
147280,12
147296,20
147312,28
147328,5
147344,13
147360,21
147376,29
147392,6
147408,14
147424,22
147440,30
147456,0
147472,8
147488,16
147504,24
147520,1
147536,9
147552,17
147568,25
147584,2
147600,10
147616,18
147632,26
147648,3
147664,11
147680,19
147696,27
147712,4
147728,12
147744,20
147760,28
147776,5
147792,13
147808,21
147824,29
147840,6
147856,14
147872,22
147888,30
147904,7
147920,15
147936,23
147952,31
147968,1
147984,9
148000,17
148016,25
148032,2
148048,10
148064,18
148080,26
148096,3
148112,11
148128,19
148144,27
148160,4
148176,12
148192,20
148208,28
148224,5
148240,13
148256,21
148272,29
148288,6
148304,14
148320,22
148336,30
148352,7
148368,15
148384,23
148400,31
148416,0
148432,8
148448,16
148464,24
148480,2
148496,10
148512,18
148528,26
148544,3
148560,11
148576,19
148592,27
148608,4
148624,12
148640,20
148656,28
148672,5
148688,13
148704,21
148720,29
148736,6
148752,14
148768,22
148784,30
148800,7
148816,15
148832,23
148848,31
148864,0
148880,8
148896,16
148912,24
148928,1
148944,9
148960,17
148976,25
148992,3
149008,11
149024,19
149040,27
149056,4
149072,12
149088,20
149104,28
149120,5
149136,13
149152,21
149168,29
149184,6
149200,14
149216,22
149232,30
153600,4
153604,4
153608,4
153612,4
153616,12
153620,12
153624,12
153628,12
153632,20
153636,20
153640,20
153644,20
153648,28
153652,28
153656,28
153660,28
153664,5
153668,5
153672,5
153676,5
153680,13
153684,13
153688,13
153692,13
153696,21
153700,21
153704,21
153708,21
153712,29
153716,29
153720,29
153724,29
153728,6
153732,6
153736,6
153740,6
153744,14
153748,14
153752,14
153756,14
153760,22
153764,22
153768,22
153772,22
153776,30
153780,30
153784,30
153788,30
153792,7
153808,15
153824,23
153840,31
153856,0
153872,8
153888,16
153904,24
153920,1
153924,1
153928,1
153932,1
153936,9
153940,9
153944,9
153948,9
153952,17
153968,25
153984,2
153988,2
153992,2
153996,2
154000,10
154004,10
154008,10
154012,10
154016,18
154020,18
154024,18
154028,18
154032,26
154036,26
154040,26
154044,26
154048,3
154052,3
154056,3
154060,3
154064,11
154068,11
154072,11
154076,11
154080,19
154096,27
154112,5
154128,13
154144,21
154160,29
154176,6
154192,14
154208,22
154224,30
154240,7
154256,15
154272,23
154288,31
154304,0
154320,8
154336,16
154352,24
154368,1
154384,9
154400,17
154416,25
154432,2
154448,10
154464,18
154480,26
154496,3
154512,11
154528,19
154544,27
154560,4
154576,12
154592,20
154608,28
154624,6
154640,14
154656,22
154672,30
154688,7
154704,15
154720,23
154736,31
154752,0
154768,8
154784,16
154800,24
154816,1
154832,9
154848,17
154864,25
154880,2
154896,10
154912,18
154928,26
154944,3
154960,11
154976,19
154992,27
155008,4
155024,12
155040,20
155056,28
155072,5
155088,13
155104,21
155120,29
155136,7
155152,15
155168,23
155184,31
155200,0
155216,8
155232,16
155248,24
155264,1
155280,9
155296,17
155312,25
155328,2
155344,10
155360,18
155376,26
155392,3
155408,11
155424,19
155440,27
155456,4
155472,12
155488,20
155504,28
155520,5
155536,13
155552,21
155568,29
155584,6
155600,14
155616,22
155632,30
155648,0
155652,0
155656,0
155660,0
155664,8
155668,8
155672,8
155676,8
155680,16
155684,16
155696,24
155712,1
155728,9
155744,17
155760,25
155776,2
155792,10
155808,18
155824,26
155840,3
155856,11
155872,19
155888,27
155904,4
155920,12
155936,20
155952,28
155968,5
155984,13
156000,21
156016,29
156032,6
156048,14
156064,22
156080,30
156096,7
156112,15
156128,23
156144,31
156160,1
156176,9
156192,17
156208,25
156224,2
156240,10
156256,18
156272,26
156288,3
156304,11
156320,19
156336,27
156352,4
156368,12
156384,20
156400,28
156416,5
156420,5
156424,5
156428,5
156432,13
156436,13
156448,21
156464,29
156480,6
156496,14
156512,22
156528,30
156544,7
156560,15
156576,23
156592,31
156608,0
156624,8
156640,16
156656,24
156672,2
156688,10
156704,18
156720,26
156736,3
156752,11
156768,19
156784,27
156800,4
156816,12
156832,20
156848,28
156864,5
156880,13
156896,21
156912,29
156928,6
156944,14
156960,22
156976,30
156992,7
157008,15
157024,23
157040,31
157056,0
157072,8
157088,16
157104,24
157120,1
157136,9
157152,17
157168,25
157184,3
157200,11
157216,19
157232,27
157248,4
157264,12
157280,20
157296,28
157312,5
157328,13
157344,21
157360,29
157376,6
157392,14
157408,22
157424,30
157440,7
157456,15
157472,23
157488,31
157504,0
157520,8
157536,16
157552,24
157568,1
157584,9
157600,17
157616,25
157632,2
157636,2
157640,2
157644,2
157648,10
157664,18
157680,26
157696,4
157700,4
157704,4
157708,4
157712,12
157728,20
157744,28
157760,5
157776,13
157792,21
157808,29
157824,6
157840,14
157856,22
157872,30
157888,7
157904,15
157920,23
157936,31
157952,0
157968,8
157984,16
158000,24
158016,1
158032,9
158048,17
158064,25
158080,2
158096,10
158112,18
158128,26
158144,3
158160,11
158176,19
158192,27
158208,5
158212,5
158216,5
158224,13
158240,21
158256,29
158272,6
158276,6
158280,6
158288,14
158304,22
158320,30
158336,7
158340,7
158344,7
158348,7
158352,15
158368,23
158384,31
158400,0
158416,8
158432,16
158448,24
158464,1
158480,9
158496,17
158512,25
158528,2
158544,10
158560,18
158576,26
158592,3
158608,11
158624,19
158640,27
158656,4
158672,12
158688,20
158704,28
158720,6
158736,14
158752,22
158768,30
158784,7
158800,15
158816,23
158832,31
158848,0
158864,8
158880,16
158896,24
158912,1
158928,9
158944,17
158960,25
158976,2
158992,10
159008,18
159024,26
159040,3
159056,11
159072,19
159088,27
159104,4
159108,4
159112,4
159116,4
159120,12
159124,12
159128,12
159132,12
159136,20
159152,28
159168,5
159172,5
159184,13
159200,21
159216,29
159232,7
159248,15
159264,23
159280,31
159296,0
159312,8
159328,16
159344,24
159360,1
159376,9
159392,17
159408,25
159424,2
159440,10
159456,18
159472,26
159488,3
159504,11
159520,19
159536,27
159552,4
159568,12
159584,20
159600,28
159616,5
159632,13
159648,21
159664,29
159680,6
159696,14
159712,22
159728,30
159744,0
159760,8
159776,16
159792,24
159808,1
159824,9
159840,17
159856,25
159872,2
159888,10
159904,18
159920,26
159936,3
159952,11
159968,19
159984,27
160000,4
160016,12
160032,20
160048,28
160064,5
160080,13
160096,21
160112,29
160128,6
160144,14
160160,22
160176,30
160192,7
160208,15
160224,23
160240,31
160256,1
160272,9
160288,17
160304,25
160320,2
160336,10
160352,18
160368,26
160384,3
160400,11
160416,19
160432,27
160448,4
160464,12
160480,20
160496,28
160512,5
160528,13
160544,21
160560,29
160576,6
160592,14
160608,22
160624,30
160640,7
160656,15
160672,23
160688,31
160704,0
160720,8
160736,16
160752,24
160768,2
160784,10
160800,18
160816,26
160832,3
160848,11
160864,19
160880,27
160896,4
160900,4
160904,4
160908,4
160912,12
160916,12
160920,12
160924,12
160928,20
160944,28
160960,5
160976,13
160992,21
161008,29
161024,6
161040,14
161056,22
161072,30
161088,7
161104,15
161120,23
161136,31
161152,0
161156,0
161160,0
161164,0
161168,8
161184,16
161200,24
161216,1
161220,1
161224,1
161228,1
161232,9
161248,17
161264,25
161280,3
161284,3
161288,3
161292,3
161296,11
161312,19
161328,27
161344,4
161360,12
161376,20
161392,28
161408,5
161424,13
161440,21
161456,29
161472,6
161488,14
161504,22
161520,30
161536,7
161552,15
161568,23
161584,31
161600,0
161616,8
161632,16
161648,24
161664,1
161680,9
161696,17
161712,25
161728,2
161744,10
161760,18
161776,26
161792,4
161808,12
161824,20
161840,28
161856,5
161872,13
161888,21
161904,29
161920,6
161924,6
161928,6
161932,6
161936,14
161940,14
161944,14
161948,14
161952,22
161968,30
161984,7
162000,15
162016,23
162032,31
162048,0
162064,8
162080,16
162096,24
162112,1
162128,9
162144,17
162160,25
162176,2
162180,2
162184,2
162188,2
162192,10
162196,10
162200,10
162204,10
162208,18
162224,26
162240,3
162244,3
162256,11
162272,19
162288,27
162304,5
162320,13
162336,21
162352,29
162368,6
162384,14
162400,22
162416,30
162432,7
162448,15
162464,23
162480,31
162496,0
162512,8
162528,16
162544,24
162560,1
162576,9
162592,17
162608,25
162624,2
162640,10
162656,18
162672,26
162688,3
162704,11
162720,19
162736,27
162752,4
162768,12
162784,20
162800,28
162816,6
162832,14
162848,22
162864,30
162880,7
162896,15
162912,23
162928,31
162944,0
162960,8
162976,16
162992,24
163008,1
163024,9
163040,17
163056,25
163072,2
163088,10
163104,18
163120,26
163136,3
163152,11
163168,19
163184,27
163200,4
163216,12
163232,20
163248,28
163264,5
163280,13
163296,21
163312,29
163328,7
163344,15
163360,23
163376,31
163392,0
163408,8
163424,16
163440,24
163456,1
163472,9
163488,17
163504,25
163520,2
163536,10
163552,18
163568,26
163584,3
163588,3
163592,3
163596,3
163600,11
163604,11
163608,11
163612,11
163616,19
163632,27
163648,4
163652,4
163664,12
163680,20
163696,28
163712,5
163728,13
163744,21
163760,29
163776,6
163792,14
163808,22
163824,30
163840,0
163856,8
163872,16
163888,24
163904,1
163920,9
163936,17
163952,25
163968,2
163984,10
164000,18
164016,26
164032,3
164048,11
164064,19
164080,27
164096,4
164100,4
164112,12
164128,20
164144,28
164160,5
164176,13
164192,21
164208,29
164224,6
164240,14
164256,22
164272,30
164288,7
164304,15
164320,23
164336,31
164352,1
164368,9
164384,17
164400,25
164416,2
164432,10
164448,18
164464,26
164480,3
164496,11
164512,19
164528,27
164544,4
164548,4
164560,12
164576,20
164592,28
164608,5
164612,5
164616,5
164620,5
164624,13
164640,21
164656,29
164672,6
164676,6
164680,6
164684,6
164688,14
164704,22
164720,30
164736,7
164752,15
164768,23
164784,31
164800,0
164804,0
164808,0
164812,0
164816,8
164820,8
164824,8
164828,8
164832,16
164836,16
164840,16
164844,16
164848,24
164852,24
164856,24
164860,24
164864,2
164868,2
164872,2
164876,2
164880,10
164896,18
164912,26
164928,3
164944,11
164960,19
164976,27
164992,4
164996,4
165000,4
165004,4
165008,12
165024,20
165040,28
165056,5
165072,13
165088,21
165104,29
165120,6
165124,6
165128,6
165136,14
165152,22
165168,30
165184,7
165188,7
165192,7
165200,15
165216,23
165232,31
165248,0
165252,0
165256,0
165260,0
165264,8
165280,16
165296,24
165312,1
165328,9
165344,17
165360,25
165376,3
165392,11
165408,19
165424,27
165440,4
165456,12
165472,20
165488,28
165504,5
165520,13
165536,21
165552,29
165568,6
165584,14
165600,22
165616,30
165632,7
165648,15
165664,23
165680,31
165696,0
165712,8
165728,16
165744,24
165760,1
165776,9
165792,17
165808,25
165824,2
165840,10
165856,18
165872,26
165888,4
165904,12
165920,20
165936,28
165952,5
165956,5
165968,13
165984,21
166000,29
166016,6
166020,6
166032,14
166048,22
166064,30
166080,7
166096,15
166112,23
166128,31
166144,0
166160,8
166176,16
166192,24
166208,1
166224,9
166240,17
166256,25
166272,2
166288,10
166304,18
166320,26
166336,3
166352,11
166368,19
166384,27
166400,5
166416,13
166432,21
166448,29
166464,6
166480,14
166496,22
166512,30
166528,7
166544,15
166560,23
166576,31
166592,0
166608,8
166624,16
166640,24
166656,1
166672,9
166688,17
166704,25
166720,2
166736,10
166752,18
166768,26
166784,3
166800,11
166816,19
166832,27
166848,4
166852,4
166856,4
166860,4
166864,12
166880,20
166896,28
166912,6
166928,14
166944,22
166960,30
166976,7
166992,15
167008,23
167024,31
167040,0
167056,8
167072,16
167088,24
167104,1
167120,9
167136,17
167152,25
167168,2
167184,10
167200,18
167216,26
167232,3
167248,11
167264,19
167280,27
167296,4
167312,12
167328,20
167344,28
167360,5
167376,13
167392,21
167408,29
167424,7
167440,15
167456,23
167472,31
167488,0
167504,8
167520,16
167536,24
167552,1
167568,9
167584,17
167600,25
167616,2
167632,10
167648,18
167664,26
167680,3
167696,11
167712,19
167728,27
167744,4
167760,12
167776,20
167792,28
167808,5
167824,13
167840,21
167856,29
167872,6
167888,14
167904,22
167920,30
167936,0
167952,8
167968,16
167984,24
168000,1
168016,9
168032,17
168048,25
168064,2
168080,10
168096,18
168112,26
168128,3
168144,11
168160,19
168176,27
168192,4
168208,12
168224,20
168240,28
168256,5
168272,13
168288,21
168304,29
168320,6
168336,14
168352,22
168368,30
168384,7
168400,15
168416,23
168432,31
168448,1
168464,9
168480,17
168496,25
168512,2
168528,10
168544,18
168560,26
168576,3
168592,11
168608,19
168624,27
168640,4
168656,12
168672,20
168688,28
168704,5
168720,13
168736,21
168752,29
168768,6
168784,14
168800,22
168816,30
168832,7
168848,15
168864,23
168880,31
168896,0
168912,8
168928,16
168944,24
168960,2
168976,10
168992,18
169008,26
169024,3
169040,11
169056,19
169072,27
169088,4
169104,12
169120,20
169136,28
169152,5
169168,13
169184,21
169200,29
169216,6
169232,14
169248,22
169264,30
169280,7
169296,15
169312,23
169328,31
169344,0
169360,8
169376,16
169392,24
169408,1
169424,9
169440,17
169456,25
169472,3
169488,11
169504,19
169520,27
169536,4
169540,4
169552,12
169568,20
169584,28
169600,5
169604,5
169608,5
169612,5
169616,13
169620,13
169624,13
169628,13
169632,21
169636,21
169640,21
169644,21
169648,29
169652,29
169656,29
169660,29
169664,6
169668,6
169672,6
169676,6
169680,14
169684,14
169688,14
169692,14
169696,22
169700,22
169704,22
169708,22
169712,30
169716,30
169720,30
169724,30
169728,7
169744,15
169760,23
169776,31
169792,0
169796,0
169800,0
169804,0
169808,8
169812,8
169816,8
169820,8
169824,16
169840,24
169856,1
169860,1
169864,1
169868,1
169872,9
169876,9
169880,9
169884,9
169888,17
169892,17
169896,17
169900,17
169904,25
169908,25
169912,25
169916,25
169920,2
169924,2
169928,2
169932,2
169936,10
169940,10
169944,10
169948,10
169952,18
169968,26
169984,4
170000,12
170016,20
170032,28
170048,5
170064,13
170080,21
170096,29
170112,6
170116,6
170120,6
170124,6
170128,14
170132,14
170136,14
170140,14
170144,22
170160,30
170176,7
170192,15
170208,23
170224,31
170240,0
170256,8
170272,16
170288,24
170304,1
170320,9
170336,17
170352,25
170368,2
170384,10
170400,18
170416,26
170432,3
170448,11
170464,19
170480,27
170496,5
170512,13
170528,21
170544,29
170560,6
170576,14
170592,22
170608,30
170624,7
170640,15
170656,23
170672,31
170688,0
170704,8
170720,16
170736,24
170752,1
170768,9
170784,17
170800,25
170816,2
170832,10
170848,18
170864,26
170880,3
170896,11
170912,19
170928,27
170944,4
170960,12
170976,20
170992,28
171008,6
171024,14
171040,22
171056,30
171072,7
171076,7
171080,7
171084,7
171088,15
171092,15
171096,15
171100,15
171104,23
171108,23
171112,23
171116,23
171120,31
171124,31
171128,31
171132,31
171136,0
171140,0
171144,0
171148,0
171152,8
171156,8
171160,8
171164,8
171168,16
171172,16
171176,16
171180,16
171184,24
171188,24
171192,24
171196,24
171200,1
171216,9
171232,17
171248,25
171264,2
171280,10
171296,18
171312,26
171328,3
171344,11
171360,19
171376,27
171392,4
171408,12
171424,20
171440,28
171456,5
171472,13
171488,21
171504,29
171520,7
171536,15
171552,23
171568,31
171584,0
171588,0
171592,0
171596,0
171600,8
171616,16
171632,24
171648,1
171652,1
171656,1
171660,1
171664,9
171680,17
171696,25
171712,2
171728,10
171744,18
171760,26
171776,3
171792,11
171808,19
171824,27
171840,4
171856,12
171872,20
171888,28
171904,5
171920,13
171936,21
171952,29
171968,6
171984,14
172000,22
172016,30
172032,0
172048,8
172064,16
172080,24
172096,1
172112,9
172128,17
172144,25
172160,2
172176,10
172192,18
172208,26
172224,3
172240,11
172256,19
172272,27
172288,4
172304,12
172320,20
172336,28
172352,5
172368,13
172384,21
172400,29
172416,6
172432,14
172448,22
172464,30
172480,7
172496,15
172512,23
172528,31
172544,1
172560,9
172576,17
172592,25
172608,2
172624,10
172640,18
172656,26
172672,3
172688,11
172704,19
172720,27
172736,4
172740,4
172744,4
172748,4
172752,12
172756,12
172760,12
172768,20
172784,28
172800,5
172804,5
172808,5
172812,5
172816,13
172820,13
172824,13
172828,13
172832,21
172848,29
172864,6
172868,6
172872,6
172876,6
172880,14
172884,14
172888,14
172892,14
172896,22
172912,30
172928,7
172932,7
172944,15
172960,23
172976,31
172992,0
172996,0
173000,0
173004,0
173008,8
173024,16
173040,24
173056,2
173072,10
173088,18
173104,26
173120,3
173136,11
173152,19
173168,27
173184,4
173200,12
173216,20
173232,28
173248,5
173264,13
173280,21
173296,29
173312,6
173328,14
173344,22
173360,30
173376,7
173392,15
173408,23
173424,31
173440,0
173456,8
173472,16
173488,24
173504,1
173520,9
173536,17
173552,25
173568,3
173584,11
173600,19
173616,27
173632,4
173648,12
173664,20
173680,28
173696,5
173712,13
173728,21
173744,29
173760,6
173776,14
173792,22
173808,30
173824,7
173840,15
173856,23
173872,31
173888,0
173904,8
173920,16
173936,24
173952,1
173968,9
173984,17
174000,25
174016,2
174032,10
174048,18
174064,26
174080,4
174096,12
174112,20
174128,28
174144,5
174160,13
174176,21
174192,29
174208,6
174224,14
174240,22
174256,30
174272,7
174288,15
174304,23
174320,31
174336,0
174352,8
174368,16
174384,24
174400,1
174416,9
174432,17
174448,25
174464,2
174480,10
174496,18
174512,26
174528,3
174544,11
174560,19
174576,27
174592,5
174608,13
174624,21
174640,29
174656,6
174660,6
174664,6
174668,6
174672,14
174676,14
174680,14
174684,14
174688,22
174692,22
174696,22
174700,22
174704,30
174708,30
174712,30
174716,30
174720,7
174724,7
174728,7
174732,7
174736,15
174740,15
174744,15
174748,15
174752,23
174756,23
174760,23
174764,23
174768,31
174772,31
174776,31
174780,31
174784,0
174800,8
174816,16
174832,24
174848,1
174864,9
174880,17
174896,25
174912,2
174928,10
174944,18
174960,26
174976,3
174992,11
175008,19
175024,27
175040,4
175056,12
175072,20
175088,28
175104,6
175108,6
175112,6
175116,6
175120,14
175124,14
175128,14
175132,14
175136,22
175152,30
175168,7
175172,7
175184,15
175200,23
175216,31
175232,0
175248,8
175264,16
175280,24
175296,1
175312,9
175328,17
175344,25
175360,2
175376,10
175392,18
175408,26
175424,3
175440,11
175456,19
175472,27
175488,4
175504,12
175520,20
175536,28
175552,5
175568,13
175584,21
175600,29
175616,7
175632,15
175648,23
175664,31
175680,0
175684,0
175688,0
175692,0
175696,8
175700,8
175704,8
175708,8
175712,16
175716,16
175720,16
175724,16
175728,24
175732,24
175736,24
175740,24
175744,1
175748,1
175752,1
175756,1
175760,9
175764,9
175768,9
175772,9
175776,17
175780,17
175784,17
175788,17
175792,25
175796,25
175800,25
175804,25
175808,2
175824,10
175840,18
175856,26
175872,3
175888,11
175904,19
175920,27
175936,4
175952,12
175968,20
175984,28
176000,5
176016,13
176032,21
176048,29
176064,6
176080,14
176096,22
176112,30
176128,0
176144,8
176160,16
176176,24
176192,1
176208,9
176224,17
176240,25
176256,2
176272,10
176288,18
176304,26
176320,3
176336,11
176352,19
176368,27
176384,4
176400,12
176416,20
176432,28
176448,5
176464,13
176480,21
176496,29
176512,6
176528,14
176544,22
176560,30
176576,7
176592,15
176608,23
176624,31
176640,1
176656,9
176672,17
176688,25
176704,2
176708,2
176712,2
176716,2
176720,10
176724,10
176728,10
176732,10
176736,18
176740,18
176744,18
176748,18
176752,26
176756,26
176760,26
176764,26
176768,3
176772,3
176776,3
176780,3
176784,11
176788,11
176792,11
176796,11
176800,19
176804,19
176808,19
176812,19
176816,27
176820,27
176824,27
176828,27
176832,4
176848,12
176864,20
176880,28
176896,5
176912,13
176928,21
176944,29
176960,6
176976,14
176992,22
177008,30
177024,7
177028,7
177032,7
177036,7
177040,15
177044,15
177048,15
177052,15
177056,23
177060,23
177064,23
177068,23
177072,31
177076,31
177080,31
177084,31
177088,0
177104,8
177120,16
177136,24
177152,2
177168,10
177184,18
177200,26
177216,3
177232,11
177248,19
177264,27
177280,4
177296,12
177312,20
177328,28
177344,5
177360,13
177376,21
177392,29
177408,6
177424,14
177440,22
177456,30
177472,7
177488,15
177504,23
177520,31
177536,0
177552,8
177568,16
177584,24
177600,1
177616,9
177632,17
177648,25
177664,3
177680,11
177696,19
177712,27
177728,4
177744,12
177760,20
177776,28
177792,5
177808,13
177824,21
177840,29
177856,6
177872,14
177888,22
177904,30
177920,7
177936,15
177952,23
177968,31
177984,0
178000,8
178016,16
178032,24
178048,1
178064,9
178080,17
178096,25
178112,2
178128,10
178144,18
178160,26
178176,4
178192,12
178208,20
178224,28
178240,5
178256,13
178272,21
178288,29
178304,6
178320,14
178336,22
178352,30
178368,7
178384,15
178400,23
178416,31
178432,0
178448,8
178464,16
178480,24
178496,1
178512,9
178528,17
178544,25
178560,2
178564,2
178568,2
178572,2
178576,10
178592,18
178608,26
178624,3
178628,3
178632,3
178636,3
178640,11
178656,19
178672,27
178688,5
178704,13
178720,21
178736,29
178752,6
178768,14
178784,22
178800,30
178816,7
178832,15
178848,23
178864,31
178880,0
178884,0
178896,8
178912,16
178928,24
178944,1
178960,9
178976,17
178992,25
179008,2
179024,10
179040,18
179056,26
179072,3
179088,11
179104,19
179120,27
179136,4
179152,12
179168,20
179184,28
179200,6
179216,14
179232,22
179248,30
179264,7
179280,15
179296,23
179312,31
179328,0
179344,8
179360,16
179376,24
179392,1
179408,9
179424,17
179440,25
179456,2
179472,10
179488,18
179504,26
179520,3
179536,11
179552,19
179568,27
179584,4
179600,12
179616,20
179632,28
179648,5
179652,5
179656,5
179660,5
179664,13
179680,21
179696,29
179712,7
179728,15
179744,23
179760,31
179776,0
179792,8
179808,16
179824,24
179840,1
179844,1
179848,1
179852,1
179856,9
179860,9
179864,9
179868,9
179872,17
179876,17
179880,17
179884,17
179888,25
179892,25
179896,25
179900,25
179904,2
179908,2
179912,2
179916,2
179920,10
179924,10
179928,10
179932,10
179936,18
179940,18
179944,18
179948,18
179952,26
179956,26
179960,26
179964,26
179968,3
179984,11
180000,19
180016,27
180032,4
180048,12
180064,20
180080,28
180096,5
180112,13
180128,21
180144,29
180160,6
180176,14
180192,22
180208,30
180224,0
180240,8
180256,16
180272,24
180288,1
180292,1
180296,1
180300,1
180304,9
180320,17
180336,25
180352,2
180368,10
180384,18
180400,26
180416,3
180432,11
180448,19
180464,27
180480,4
180496,12
180512,20
180528,28
180544,5
180560,13
180576,21
180592,29
180608,6
180624,14
180640,22
180656,30
180672,7
180688,15
180704,23
180720,31
180736,1
180752,9
180768,17
180784,25
180800,2
180816,10
180832,18
180848,26
180864,3
180880,11
180896,19
180912,27
180928,4
180944,12
180960,20
180976,28
180992,5
181008,13
181024,21
181040,29
181056,6
181072,14
181088,22
181104,30
181120,7
181136,15
181152,23
181168,31
181184,0
181200,8
181216,16
181232,24
181248,2
181264,10
181280,18
181296,26
181312,3
181328,11
181344,19
181360,27
181376,4
181392,12
181408,20
181424,28
181440,5
181456,13
181472,21
181488,29
181504,6
181520,14
181536,22
181552,30
181568,7
181584,15
181600,23
181616,31
181632,0
181648,8
181664,16
181680,24
181696,1
181712,9
181728,17
181744,25
181760,3
181776,11
181792,19
181808,27
181824,4
181840,12
181856,20
181872,28
181888,5
181904,13
181920,21
181936,29
181952,6
181956,6
181960,6
181964,6
181968,14
181972,14
181976,14
181980,14
181984,22
182000,30
182016,7
182032,15
182048,23
182064,31
182080,0
182096,8
182112,16
182128,24
182144,1
182160,9
182176,17
182192,25
182208,2
182224,10
182240,18
182256,26
182272,4
182288,12
182304,20
182320,28
182336,5
182352,13
182368,21
182384,29
182400,6
182416,14
182432,22
182448,30
182464,7
182480,15
182496,23
182512,31
182528,0
182544,8
182560,16
182576,24
182592,1
182608,9
182624,17
182640,25
182656,2
182672,10
182688,18
182704,26
182720,3
182736,11
182752,19
182768,27
182784,5
182800,13
182816,21
182832,29
182848,6
182864,14
182880,22
182896,30
182912,7
182928,15
182944,23
182960,31
182976,0
182980,0
182984,0
182988,0
182992,8
182996,8
183000,8
183004,8
183008,16
183024,24
183040,1
183056,9
183072,17
183088,25
183104,2
183120,10
183136,18
183152,26
183168,3
183184,11
183200,19
183216,27
183232,4
183248,12
183264,20
183280,28
183296,6
183312,14
183328,22
183344,30
183360,7
183376,15
183392,23
183408,31
183424,0
183428,0
183432,0
183436,0
183440,8
183444,8
183448,8
183452,8
183456,16
183460,16
183464,16
183468,16
183472,24
183476,24
183480,24
183484,24
183488,1
183492,1
183496,1
183500,1
183504,9
183508,9
183512,9
183516,9
183520,17
183524,17
183528,17
183532,17
183536,25
183540,25
183544,25
183548,25
183552,2
183556,2
183560,2
183564,2
183568,10
183572,10
183576,10
183580,10
183584,18
183588,18
183592,18
183596,18
183600,26
183604,26
183608,26
183612,26
183616,3
183632,11
183648,19
183664,27
183680,4
183696,12
183712,20
183728,28
183744,5
183760,13
183776,21
183792,29
183808,7
183824,15
183840,23
183856,31
183872,0
183888,8
183904,16
183920,24
183936,1
183952,9
183968,17
183984,25
184000,2
184004,2
184008,2
184016,10
184032,18
184048,26
184064,3
184068,3
184072,3
184080,11
184096,19
184112,27
184128,4
184132,4
184136,4
184140,4
184144,12
184160,20
184176,28
184192,5
184196,5
184200,5
184208,13
184224,21
184240,29
184256,6
184260,6
184264,6
184272,14
184288,22
184304,30
184320,0
184324,0
184328,0
184336,8
184352,16
184368,24
184384,1
184388,1
184392,1
184396,1
184400,9
184416,17
184432,25
184448,2
184452,2
184456,2
184464,10
184480,18
184496,26
184512,3
184516,3
184520,3
184528,11
184544,19
184560,27
184576,4
184580,4
184584,4
184592,12
184608,20
184624,28
184640,5
184644,5
184648,5
184652,5
184656,13
184672,21
184688,29
184704,6
184708,6
184712,6
184720,14
184736,22
184752,30
184768,7
184772,7
184776,7
184784,15
184800,23
184816,31
184832,1
184836,1
184840,1
184848,9
184864,17
184880,25
184896,2
184900,2
184904,2
184908,2
184912,10
184928,18
184944,26
184960,3
184964,3
184968,3
184976,11
184992,19
185008,27
185024,4
185028,4
185032,4
185036,4
185040,12
185044,12
185048,12
185052,12
185056,20
185072,28
185088,5
185104,13
185120,21
185136,29
185152,6
185168,14
185184,22
185200,30
185216,7
185232,15
185248,23
185264,31
185280,0
185296,8
185312,16
185328,24
185344,2
185360,10
185376,18
185392,26
185408,3
185412,3
185416,3
185424,11
185440,19
185456,27
185472,4
185476,4
185480,4
185488,12
185504,20
185520,28
185536,5
185540,5
185544,5
185548,5
185552,13
185568,21
185584,29
185600,6
185604,6
185608,6
185612,6
185616,14
185620,14
185624,14
185628,14
185632,22
185636,22
185640,22
185644,22
185648,30
185652,30
185656,30
185660,30
185664,7
185668,7
185672,7
185676,7
185680,15
185684,15
185688,15
185692,15
185696,23
185700,23
185704,23
185708,23
185712,31
185716,31
185720,31
185724,31
185728,0
185744,8
185760,16
185776,24
185792,1
185808,9
185824,17
185840,25
185856,3
185872,11
185888,19
185904,27
185920,4
185936,12
185952,20
185968,28
185984,5
186000,13
186016,21
186032,29
186048,6
186064,14
186080,22
186096,30
186112,7
186128,15
186144,23
186160,31
186176,0
186192,8
186208,16
186224,24
186240,1
186244,1
186248,1
186252,1
186256,9
186260,9
186264,9
186272,17
186288,25
186304,2
186308,2
186312,2
186316,2
186320,10
186324,10
186328,10
186336,18
186352,26
186368,4
186372,4
186376,4
186380,4
186384,12
186388,12
186392,12
186396,12
186400,20
186416,28
186432,5
186436,5
186440,5
186444,5
186448,13
186452,13
186456,13
186460,13
186464,21
186468,21
186472,21
186476,21
186480,29
186484,29
186488,29
186492,29
186496,6
186500,6
186504,6
186508,6
186512,14
186516,14
186520,14
186524,14
186528,22
186532,22
186536,22
186540,22
186544,30
186548,30
186552,30
186556,30
186560,7
186564,7
186568,7
186572,7
186576,15
186580,15
186584,15
186588,15
186592,23
186608,31
186624,0
186628,0
186632,0
186640,8
186656,16
186672,24
186688,1
186692,1
186696,1
186704,9
186720,17
186736,25
186752,2
186756,2
186760,2
186764,2
186768,10
186784,18
186800,26
186816,3
186820,3
186824,3
186832,11
186848,19
186864,27
186880,5
186896,13
186912,21
186928,29
186944,6
186960,14
186976,22
186992,30
187008,7
187024,15
187040,23
187056,31
187072,0
187088,8
187104,16
187120,24
187136,1
187152,9
187168,17
187184,25
187200,2
187216,10
187232,18
187248,26
187264,3
187280,11
187296,19
187312,27
187328,4
187344,12
187360,20
187376,28
187392,6
187408,14
187424,22
187440,30
187456,7
187472,15
187488,23
187504,31
187520,0
187536,8
187552,16
187568,24
187584,1
187600,9
187616,17
187632,25
187648,2
187664,10
187680,18
187696,26
187712,3
187728,11
187744,19
187760,27
187776,4
187792,12
187808,20
187824,28
187840,5
187856,13
187872,21
187888,29
187904,7
187920,15
187936,23
187952,31
187968,0
187984,8
188000,16
188016,24
188032,1
188048,9
188064,17
188080,25
188096,2
188112,10
188128,18
188144,26
188160,3
188164,3
188168,3
188172,3
188176,11
188180,11
188184,11
188188,11
188192,19
188208,27
188224,4
188240,12
188256,20
188272,28
188288,5
188304,13
188320,21
188336,29
188352,6
188368,14
188384,22
188400,30
188416,0
188432,8
188448,16
188464,24
188480,1
188484,1
188488,1
188492,1
188496,9
188500,9
188504,9
188508,9
188512,17
188516,17
188520,17
188524,17
188528,25
188532,25
188536,25
188540,25
188544,2
188548,2
188552,2
188556,2
188560,10
188564,10
188568,10
188572,10
188576,18
188580,18
188584,18
188588,18
188592,26
188596,26
188600,26
188604,26
188608,3
188624,11
188640,19
188656,27
188672,4
188688,12
188704,20
188720,28
188736,5
188752,13
188768,21
188784,29
188800,6
188816,14
188832,22
188848,30
188864,7
188868,7
188872,7
188876,7
188880,15
188896,23
188912,31
188928,1
188932,1
188936,1
188940,1
188944,9
188948,9
188952,9
188956,9
188960,17
188976,25
188992,2
188996,2
189008,10
189024,18
189040,26
189056,3
189060,3
189064,3
189072,11
189088,19
189104,27
189120,4
189136,12
189152,20
189168,28
189184,5
189200,13
189216,21
189232,29
189248,6
189264,14
189280,22
189296,30
189312,7
189328,15
189344,23
189360,31
189376,0
189392,8
189408,16
189424,24
189440,2
189456,10
189472,18
189488,26
189504,3
189520,11
189536,19
189552,27
189568,4
189584,12
189600,20
189616,28
189632,5
189648,13
189664,21
189680,29
189696,6
189712,14
189728,22
189744,30
189760,7
189776,15
189792,23
189808,31
189824,0
189840,8
189856,16
189872,24
189888,1
189904,9
189920,17
189936,25
189952,3
189968,11
189984,19
190000,27
190016,4
190032,12
190048,20
190064,28
190080,5
190096,13
190112,21
190128,29
190144,6
190160,14
190176,22
190192,30
190208,7
190224,15
190240,23
190256,31
190272,0
190288,8
190304,16
190320,24
190336,1
190340,1
190352,9
190368,17
190384,25
190400,2
190416,10
190432,18
190448,26
190464,4
190480,12
190496,20
190512,28
190528,5
190544,13
190560,21
190576,29
190592,6
190608,14
190624,22
190640,30
190656,7
190672,15
190688,23
190704,31
190720,0
190736,8
190752,16
190768,24
190784,1
190800,9
190816,17
190832,25
190848,2
190864,10
190880,18
190896,26
190912,3
190928,11
190944,19
190960,27
190976,5
190992,13
191008,21
191024,29
191040,6
191056,14
191072,22
191088,30
191104,7
191108,7
191112,7
191116,7
191120,15
191124,15
191128,15
191132,15
191136,23
191152,31
191168,0
191172,0
191184,8
191200,16
191216,24
191232,1
191248,9
191264,17
191280,25
191296,2
191300,2
191304,2
191308,2
191312,10
191316,10
191320,10
191324,10
191328,18
191332,18
191336,18
191340,18
191344,26
191348,26
191352,26
191356,26
191360,3
191364,3
191368,3
191372,3
191376,11
191380,11
191384,11
191388,11
191392,19
191396,19
191400,19
191404,19
191408,27
191412,27
191416,27
191420,27
191424,4
191440,12
191456,20
191472,28
191488,6
191504,14
191520,22
191536,30
191552,7
191568,15
191584,23
191600,31
191616,0
191620,0
191624,0
191628,0
191632,8
191636,8
191640,8
191644,8
191648,16
191652,16
191656,16
191660,16
191664,24
191668,24
191672,24
191676,24
191680,1
191684,1
191688,1
191692,1
191696,9
191700,9
191704,9
191708,9
191712,17
191716,17
191720,17
191724,17
191728,25
191732,25
191736,25
191740,25
191744,2
191748,2
191752,2
191756,2
191760,10
191776,18
191792,26
191808,3
191812,3
191816,3
191824,11
191840,19
191856,27
191872,4
191888,12
191904,20
191920,28
191936,5
191952,13
191968,21
191984,29
192000,7
192016,15
192032,23
192048,31
192064,0
192080,8
192096,16
192112,24
192128,1
192144,9
192160,17
192176,25
192192,2
192208,10
192224,18
192240,26
192256,3
192272,11
192288,19
192304,27
192320,4
192336,12
192352,20
192368,28
192384,5
192400,13
192416,21
192432,29
192448,6
192464,14
192480,22
192496,30
192512,0
192528,8
192544,16
192560,24
192576,1
192592,9
192608,17
192624,25
192640,2
192656,10
192672,18
192688,26
192704,3
192720,11
192736,19
192752,27
192768,4
192784,12
192800,20
192816,28
192832,5
192848,13
192864,21
192880,29
192896,6
192912,14
192928,22
192944,30
192960,7
192976,15
192992,23
193008,31
193024,1
193040,9
193056,17
193072,25
193088,2
193104,10
193120,18
193136,26
193152,3
193168,11
193184,19
193200,27
193216,4
193232,12
193248,20
193264,28
193280,5
193296,13
193312,21
193328,29
193344,6
193360,14
193376,22
193392,30
193408,7
193424,15
193440,23
193456,31
193472,0
193476,0
193480,0
193484,0
193488,8
193492,8
193496,8
193500,8
193504,16
193520,24
193536,2
193540,2
193552,10
193568,18
193584,26
193600,3
193616,11
193632,19
193648,27
193664,4
193680,12
193696,20
193712,28
193728,5
193744,13
193760,21
193776,29
193792,6
193808,14
193824,22
193840,30
193856,7
193872,15
193888,23
193904,31
193920,0
193936,8
193952,16
193968,24
193984,1
194000,9
194016,17
194032,25
194048,3
194064,11
194080,19
194096,27
194112,4
194128,12
194144,20
194160,28
194176,5
194180,5
194184,5
194192,13
194208,21
194224,29
194240,6
194244,6
194248,6
194256,14
194272,22
194288,30
194304,7
194308,7
194312,7
194316,7
194320,15
194336,23
194352,31
194368,0
194372,0
194376,0
194384,8
194400,16
194416,24
194432,1
194448,9
194464,17
194480,25
194496,2
194512,10
194528,18
194544,26
194560,4
194576,12
194592,20
194608,28
194624,5
194640,13
194656,21
194672,29
194688,6
194704,14
194720,22
194736,30
194752,7
194768,15
194784,23
194800,31
194816,0
194832,8
194848,16
194864,24
194880,1
194896,9
194912,17
194928,25
194944,2
194960,10
194976,18
194992,26
195008,3
195024,11
195040,19
195056,27
195072,5
195076,5
195080,5
195084,5
195088,13
195092,13
195096,13
195104,21
195120,29
195136,6
195140,6
195144,6
195148,6
195152,14
195168,22
195184,30
195200,7
195204,7
195208,7
195216,15
195232,23
195248,31
195264,0
195268,0
195272,0
195276,0
195280,8
195284,8
195288,8
195296,16
195312,24
195328,1
195332,1
195344,9
195360,17
195376,25
195392,2
195396,2
195400,2
195408,10
195424,18
195440,26
195456,3
195472,11
195488,19
195504,27
195520,4
195536,12
195552,20
195568,28
195584,6
195600,14
195616,22
195632,30
195648,7
195664,15
195680,23
195696,31
195712,0
195716,0
195720,0
195724,0
195728,8
195732,8
195736,8
195740,8
195744,16
195748,16
195752,16
195756,16
195760,24
195764,24
195768,24
195772,24
195776,1
195780,1
195784,1
195788,1
195792,9
195796,9
195800,9
195804,9
195808,17
195812,17
195816,17
195820,17
195824,25
195828,25
195832,25
195836,25
195840,2
195856,10
195872,18
195888,26
195904,3
195920,11
195936,19
195952,27
195968,4
195984,12
196000,20
196016,28
196032,5
196048,13
196064,21
196080,29
196096,7
196112,15
196128,23
196144,31
196160,0
196176,8
196192,16
196208,24
196224,1
196240,9
196256,17
196272,25
196288,2
196304,10
196320,18
196336,26
196352,3
196368,11
196384,19
196400,27
196416,4
196432,12
196448,20
196464,28
196480,5
196496,13
196512,21
196528,29
196544,6
196560,14
196576,22
196592,30
196608,0
196624,8
196640,16
196656,24
196672,1
196688,9
196704,17
196720,25
196736,2
196752,10
196768,18
196784,26
196800,3
196816,11
196832,19
196848,27
196864,4
196880,12
196896,20
196912,28
196928,5
196944,13
196960,21
196976,29
196992,6
197008,14
197024,22
197040,30
197056,7
197060,7
197064,7
197068,7
197072,15
197076,15
197080,15
197084,15
197088,23
197104,31
197120,1
197124,1
197136,9
197152,17
197168,25
197184,2
197200,10
197216,18
197232,26
197248,3
197264,11
197280,19
197296,27
197312,4
197328,12
197344,20
197360,28
197376,5
197392,13
197408,21
197424,29
197440,6
197456,14
197472,22
197488,30
197504,7
197520,15
197536,23
197552,31
197568,0
197584,8
197600,16
197616,24
197632,2
197648,10
197664,18
197680,26
197696,3
197712,11
197728,19
197744,27
197760,4
197764,4
197768,4
197772,4
197776,12
197780,12
197784,12
197788,12
197792,20
197796,20
197800,20
197804,20
197808,28
197812,28
197816,28
197820,28
197824,5
197828,5
197832,5
197836,5
197840,13
197844,13
197848,13
197852,13
197856,21
197860,21
197864,21
197868,21
197872,29
197876,29
197880,29
197884,29
197888,6
197904,14
197920,22
197936,30
197952,7
197968,15
197984,23
198000,31
198016,0
198032,8
198048,16
198064,24
198080,1
198096,9
198112,17
198128,25
198144,3
198160,11
198176,19
198192,27
198208,4
198224,12
198240,20
198256,28
198272,5
198288,13
198304,21
198320,29
198336,6
198352,14
198368,22
198384,30
198400,7
198416,15
198432,23
198448,31
198464,0
198480,8
198496,16
198512,24
198528,1
198544,9
198560,17
198576,25
198592,2
198608,10
198624,18
198640,26
198656,4
198672,12
198688,20
198704,28
198720,5
198736,13
198752,21
198768,29
198784,6
198800,14
198816,22
198832,30
198848,7
198864,15
198880,23
198896,31
198912,0
198928,8
198944,16
198960,24
198976,1
198992,9
199008,17
199024,25
199040,2
199056,10
199072,18
199088,26
199104,3
199120,11
199136,19
199152,27
199168,5
199184,13
199200,21
199216,29
199232,6
199248,14
199264,22
199280,30
199296,7
199312,15
199328,23
199344,31
199360,0
199376,8
199392,16
199408,24
199424,1
199440,9
199456,17
199472,25
199488,2
199504,10
199520,18
199536,26
199552,3
199568,11
199584,19
199600,27
199616,4
199632,12
199648,20
199664,28
199680,6
199696,14
199712,22
199728,30
199744,7
199760,15
199776,23
199792,31
199808,0
199812,0
199816,0
199820,0
199824,8
199828,8
199832,8
199836,8
199840,16
199844,16
199848,16
199852,16
199856,24
199860,24
199864,24
199868,24
199872,1
199876,1
199880,1
199884,1
199888,9
199892,9
199896,9
199900,9
199904,17
199908,17
199912,17
199916,17
199920,25
199924,25
199928,25
199932,25
199936,2
199952,10
199968,18
199984,26
200000,3
200016,11
200032,19
200048,27
200064,4
200080,12
200096,20
200112,28
200128,5
200132,5
200136,5
200140,5
200144,13
200148,13
200152,13
200160,21
200176,29
200192,7
200196,7
200200,7
200204,7
200208,15
200212,15
200216,15
200220,15
200224,23
200240,31
200256,0
200260,0
200264,0
200268,0
200272,8
200276,8
200280,8
200284,8
200288,16
200304,24
200320,1
200324,1
200336,9
200352,17
200368,25
200384,2
200388,2
200392,2
200396,2
200400,10
200416,18
200432,26
200448,3
200464,11
200480,19
200496,27
200512,4
200528,12
200544,20
200560,28
200576,5
200592,13
200608,21
200624,29
200640,6
200656,14
200672,22
200688,30
200704,0
200720,8
200736,16
200752,24
200768,1
200784,9
200800,17
200816,25
200832,2
200848,10
200864,18
200880,26
200896,3
200912,11
200928,19
200944,27
200960,4
200976,12
200992,20
201008,28
201024,5
201040,13
201056,21
201072,29
201088,6
201104,14
201120,22
201136,30
201152,7
201168,15
201184,23
201200,31
201216,1
201232,9
201248,17
201264,25
201280,2
201296,10
201312,18
201328,26
201344,3
201360,11
201376,19
201392,27
201408,4
201424,12
201440,20
201456,28
201472,5
201488,13
201504,21
201520,29
201536,6
201552,14
201568,22
201584,30
201600,7
201604,7
201608,7
201612,7
201616,15
201620,15
201624,15
201628,15
201632,23
201636,23
201640,23
201644,23
201648,31
201652,31
201656,31
201660,31
201664,0
201668,0
201672,0
201676,0
201680,8
201684,8
201688,8
201692,8
201696,16
201700,16
201704,16
201708,16
201712,24
201716,24
201720,24
201724,24
201728,2
201744,10
201760,18
201776,26
201792,3
201808,11
201824,19
201840,27
201856,4
201872,12
201888,20
201904,28
201920,5
201936,13
201952,21
201968,29
201984,6
201988,6
201992,6
201996,6
202000,14
202016,22
202032,30
202048,7
202052,7
202056,7
202060,7
202064,15
202068,15
202072,15
202076,15
202080,23
202096,31
202112,0
202116,0
202128,8
202144,16
202160,24
202176,1
202180,1
202184,1
202192,9
202208,17
202224,25
202240,3
202256,11
202272,19
202288,27
202304,4
202320,12
202336,20
202352,28
202368,5
202384,13
202400,21
202416,29
202432,6
202448,14
202464,22
202480,30
202496,7
202512,15
202528,23
202544,31
202560,0
202576,8
202592,16
202608,24
202624,1
202640,9
202656,17
202672,25
202688,2
202704,10
202720,18
202736,26
202752,4
202768,12
202784,20
202800,28
202816,5
202832,13
202848,21
202864,29
202880,6
202896,14
202912,22
202928,30
202944,7
202960,15
202976,23
202992,31
203008,0
203012,0
203016,0
203020,0
203024,8
203028,8
203032,8
203036,8
203040,16
203056,24
203072,1
203088,9
203104,17
203120,25
203136,2
203152,10
203168,18
203184,26
203200,3
203216,11
203232,19
203248,27
203264,5
203280,13
203296,21
203312,29
203328,6
203332,6
203336,6
203340,6
203344,14
203348,14
203352,14
203356,14
203360,22
203364,22
203368,22
203372,22
203376,30
203380,30
203384,30
203388,30
203392,7
203396,7
203400,7
203404,7
203408,15
203412,15
203416,15
203420,15
203424,23
203428,23
203432,23
203436,23
203440,31
203444,31
203448,31
203452,31
203456,0
203472,8
203488,16
203504,24
203520,1
203536,9
203552,17
203568,25
203584,2
203600,10
203616,18
203632,26
203648,3
203652,3
203656,3
203660,3
203664,11
203668,11
203672,11
203680,19
203696,27
203712,4
203716,4
203728,12
203744,20
203760,28
203776,6
203780,6
203784,6
203792,14
203808,22
203824,30
203840,7
203844,7
203856,15
203872,23
203888,31
203904,0
203908,0
203912,0
203920,8
203936,16
203952,24
203968,1
203984,9
204000,17
204016,25
204032,2
204048,10
204064,18
204080,26
204096,3
204112,11
204128,19
204144,27
204160,4
204176,12
204192,20
204208,28
204224,5
204240,13
204256,21
204272,29
204288,7
204304,15
204320,23
204336,31
204352,0
204368,8
204384,16
204400,24
204416,1
204432,9
204448,17
204464,25
204480,2
204496,10
204512,18
204528,26
204544,3
204560,11
204576,19
204592,27
204608,4
204624,12
204640,20
204656,28
204672,5
204688,13
204704,21
204720,29
204736,6
204752,14
204768,22
204784,30
204800,0
204816,8
204832,16
204848,24
204864,1
204880,9
204896,17
204912,25
204928,2
204944,10
204960,18
204976,26
204992,3
205008,11
205024,19
205040,27
205056,4
205060,4
205064,4
205068,4
205072,12
205076,12
205080,12
205084,12
205088,20
205104,28
205120,5
205136,13
205152,21
205168,29
205184,6
205200,14
205216,22
205232,30
205248,7
205264,15
205280,23
205296,31
205312,1
205328,9
205344,17
205360,25
205376,2
205392,10
205408,18
205424,26
205440,3
205456,11
205472,19
205488,27
205504,4
205520,12
205536,20
205552,28
205568,5
205584,13
205600,21
205616,29
205632,6
205648,14
205664,22
205680,30
205696,7
205712,15
205728,23
205744,31
205760,0
205776,8
205792,16
205808,24
205824,2
205840,10
205856,18
205872,26
205888,3
205904,11
205920,19
205936,27
205952,4
205968,12
205984,20
206000,28
206016,5
206032,13
206048,21
206064,29
206080,6
206084,6
206088,6
206092,6
206096,14
206100,14
206104,14
206108,14
206112,22
206116,22
206120,22
206124,22
206128,30
206132,30
206136,30
206140,30
206144,7
206148,7
206152,7
206156,7
206160,15
206164,15
206168,15
206172,15
206176,23
206180,23
206184,23
206188,23
206192,31
206196,31
206200,31
206204,31
206208,0
206224,8
206240,16
206256,24
206272,1
206288,9
206304,17
206320,25
206336,3
206352,11
206368,19
206384,27
206400,4
206416,12
206432,20
206448,28
206464,5
206480,13
206496,21
206512,29
206528,6
206544,14
206560,22
206576,30
206592,7
206608,15
206624,23
206640,31
206656,0
206672,8
206688,16
206704,24
206720,1
206736,9
206752,17
206768,25
206784,2
206800,10
206816,18
206832,26
206848,4
206864,12
206880,20
206896,28
206912,5
206928,13
206944,21
206960,29
206976,6
206992,14
207008,22
207024,30
207040,7
207056,15
207072,23
207088,31
207104,0
207108,0
207112,0
207116,0
207120,8
207124,8
207128,8
207132,8
207136,16
207152,24
207168,1
207172,1
207184,9
207200,17
207216,25
207232,2
207248,10
207264,18
207280,26
207296,3
207312,11
207328,19
207344,27
207360,5
207376,13
207392,21
207408,29
207424,6
207440,14
207456,22
207472,30
207488,7
207504,15
207520,23
207536,31
207552,0
207568,8
207584,16
207600,24
207616,1
207632,9
207648,17
207664,25
207680,2
207696,10
207712,18
207728,26
207744,3
207760,11
207776,19
207792,27
207808,4
207824,12
207840,20
207856,28
207872,6
207888,14
207904,22
207920,30
207936,7
207952,15
207968,23
207984,31
208000,0
208016,8
208032,16
208048,24
208064,1
208080,9
208096,17
208112,25
208128,2
208132,2
208136,2
208140,2
208144,10
208148,10
208152,10
208156,10
208160,18
208176,26
208192,3
208208,11
208224,19
208240,27
208256,4
208272,12
208288,20
208304,28
208320,5
208336,13
208352,21
208368,29
208384,7
208400,15
208416,23
208432,31
208448,0
208464,8
208480,16
208496,24
208512,1
208528,9
208544,17
208560,25
208576,2
208592,10
208608,18
208624,26
208640,3
208656,11
208672,19
208688,27
208704,4
208720,12
208736,20
208752,28
208768,5
208784,13
208800,21
208816,29
208832,6
208848,14
208864,22
208880,30
208896,0
208912,8
208928,16
208944,24
208960,1
208976,9
208992,17
209008,25
209024,2
209040,10
209056,18
209072,26
209088,3
209104,11
209120,19
209136,27
209152,4
209168,12
209184,20
209200,28
209216,5
209232,13
209248,21
209264,29
209280,6
209296,14
209312,22
209328,30
209344,7
209360,15
209376,23
209392,31
209408,1
209424,9
209440,17
209456,25
209472,2
209488,10
209504,18
209520,26
209536,3
209552,11
209568,19
209584,27
209600,4
209616,12
209632,20
209648,28
209664,5
209680,13
209696,21
209712,29
209728,6
209744,14
209760,22
209776,30
209792,7
209808,15
209824,23
209840,31
209856,0
209872,8
209888,16
209904,24
209920,2
209936,10
209952,18
209968,26
209984,3
210000,11
210016,19
210032,27
210048,4
210064,12
210080,20
210096,28
210112,5
210128,13
210144,21
210160,29
210176,6
210192,14
210208,22
210224,30
210240,7
210256,15
210272,23
210288,31
210304,0
210320,8
210336,16
210352,24
210368,1
210372,1
210376,1
210380,1
210384,9
210388,9
210392,9
210400,17
210416,25
210432,3
210436,3
210448,11
210464,19
210480,27
210496,4
210500,4
210512,12
210528,20
210544,28
210560,5
210564,5
210568,5
210572,5
210576,13
210592,21
210608,29
210624,6
210628,6
210632,6
210640,14
210656,22
210672,30
210688,7
210692,7
210696,7
210704,15
210720,23
210736,31
210752,0
210756,0
210768,8
210784,16
210800,24
210816,1
210820,1
210824,1
210828,1
210832,9
210848,17
210864,25
210880,2
210884,2
210888,2
210896,10
210912,18
210928,26
210944,4
210948,4
210952,4
210956,4
210960,12
210976,20
210992,28
211008,5
211012,5
211016,5
211024,13
211040,21
211056,29
211072,6
211076,6
211080,6
211084,6
211088,14
211104,22
211120,30
211136,7
211152,15
211168,23
211184,31
211200,0
211216,8
211232,16
211248,24
211264,1
211280,9
211296,17
211312,25
211328,2
211344,10
211360,18
211376,26
211392,3
211408,11
211424,19
211440,27
211456,5
211472,13
211488,21
211504,29
211520,6
211536,14
211552,22
211568,30
211584,7
211600,15
211616,23
211632,31
211648,0
211652,0
211656,0
211664,8
211680,16
211696,24
211712,1
211716,1
211720,1
211728,9
211744,17
211760,25
211776,2
211780,2
211784,2
211788,2
211792,10
211808,18
211824,26
211840,3
211844,3
211848,3
211856,11
211872,19
211888,27
211904,4
211920,12
211936,20
211952,28
211968,6
211984,14
212000,22
212016,30
212032,7
212048,15
212064,23
212080,31
212096,0
212112,8
212128,16
212144,24
212160,1
212176,9
212192,17
212208,25
212224,2
212240,10
212256,18
212272,26
212288,3
212304,11
212320,19
212336,27
212352,4
212368,12
212384,20
212400,28
212416,5
212432,13
212448,21
212464,29
212480,7
212496,15
212512,23
212528,31
212544,0
212560,8
212576,16
212592,24
212608,1
212624,9
212640,17
212656,25
212672,2
212688,10
212704,18
212720,26
212736,3
212752,11
212768,19
212784,27
212800,4
212816,12
212832,20
212848,28
212864,5
212880,13
212896,21
212912,29
212928,6
212944,14
212960,22
212976,30
212992,0
213008,8
213024,16
213040,24
213056,1
213072,9
213088,17
213104,25
213120,2
213136,10
213152,18
213168,26
213184,3
213200,11
213216,19
213232,27
213248,4
213264,12
213280,20
213296,28
213312,5
213328,13
213344,21
213360,29
213376,6
213380,6
213384,6
213388,6
213392,14
213396,14
213400,14
213404,14
213408,22
213412,22
213416,22
213420,22
213424,30
213428,30
213432,30
213436,30
213440,7
213444,7
213448,7
213452,7
213456,15
213460,15
213464,15
213468,15
213472,23
213476,23
213480,23
213484,23
213488,31
213492,31
213496,31
213500,31
213504,1
213520,9
213536,17
213552,25
213568,2
213584,10
213600,18
213616,26
213632,3
213648,11
213664,19
213680,27
213696,4
213712,12
213728,20
213744,28
213760,5
213776,13
213792,21
213808,29
213824,6
213840,14
213856,22
213872,30
213888,7
213904,15
213920,23
213936,31
213952,0
213968,8
213984,16
214000,24
214016,2
214032,10
214048,18
214064,26
214080,3
214096,11
214112,19
214128,27
214144,4
214160,12
214176,20
214192,28
214208,5
214224,13
214240,21
214256,29
214272,6
214288,14
214304,22
214320,30
214336,7
214352,15
214368,23
214384,31
214400,0
214404,0
214408,0
214412,0
214416,8
214420,8
214424,8
214428,8
214432,16
214448,24
214464,1
214480,9
214496,17
214512,25
214528,3
214544,11
214560,19
214576,27
214592,4
214608,12
214624,20
214640,28
214656,5
214672,13
214688,21
214704,29
214720,6
214736,14
214752,22
214768,30
214784,7
214788,7
214800,15
214816,23
214832,31
214848,0
214852,0
214864,8
214880,16
214896,24
214912,1
214916,1
214920,1
214928,9
214944,17
214960,25
214976,2
214980,2
214984,2
214992,10
215008,18
215024,26
215040,4
215044,4
215056,12
215072,20
215088,28
215104,5
215108,5
215112,5
215116,5
215120,13
215136,21
215152,29
215168,6
215172,6
215176,6
215184,14
215200,22
215216,30
215232,7
215236,7
215240,7
215244,7
215248,15
215264,23
215280,31
215296,0
215300,0
215304,0
215312,8
215328,16
215344,24
215360,1
215364,1
215368,1
215372,1
215376,9
215392,17
215408,25
215424,2
215428,2
215440,10
215456,18
215472,26
215488,3
215492,3
215504,11
215520,19
215536,27
215552,5
215556,5
215560,5
215568,13
215584,21
215600,29
215616,6
215620,6
215624,6
215632,14
215648,22
215664,30
215680,7
215684,7
215696,15
215712,23
215728,31
215744,0
215748,0
215752,0
215756,0
215760,8
215776,16
215792,24
215808,1
215812,1
215816,1
215824,9
215840,17
215856,25
215872,2
215876,2
215880,2
215888,10
215904,18
215920,26
215936,3
215940,3
215952,11
215968,19
215984,27
216000,4
216004,4
216008,4
216012,4
216016,12
216032,20
216048,28
216064,6
216080,14
216096,22
216112,30
216128,7
216144,15
216160,23
216176,31
216192,0
216208,8
216224,16
216240,24
216256,1
216272,9
216288,17
216304,25
216320,2
216336,10
216352,18
216368,26
216384,3
216400,11
216416,19
216432,27
216448,4
216464,12
216480,20
216496,28
216512,5
216528,13
216544,21
216560,29
216576,7
216580,7
216592,15
216608,23
216624,31
216640,0
216656,8
216672,16
216688,24
216704,1
216720,9
216736,17
216752,25
216768,2
216772,2
216776,2
216780,2
216784,10
216788,10
216792,10
216796,10
216800,18
216804,18
216808,18
216812,18
216816,26
216820,26
216824,26
216828,26
216832,3
216836,3
216840,3
216844,3
216848,11
216852,11
216856,11
216860,11
216864,19
216868,19
216872,19
216876,19
216880,27
216884,27
216888,27
216892,27
216896,4
216912,12
216928,20
216944,28
216960,5
216976,13
216992,21
217008,29
217024,6
217040,14
217056,22
217072,30
217088,0
217104,8
217120,16
217136,24
217152,1
217168,9
217184,17
217200,25
217216,2
217232,10
217248,18
217264,26
217280,3
217296,11
217312,19
217328,27
217344,4
217360,12
217376,20
217392,28
217408,5
217424,13
217440,21
217456,29
217472,6
217488,14
217504,22
217520,30
217536,7
217552,15
217568,23
217584,31
217600,1
217604,1
217608,1
217612,1
217616,9
217620,9
217624,9
217628,9
217632,17
217636,17
217640,17
217644,17
217648,25
217652,25
217656,25
217660,25
217664,2
217668,2
217672,2
217676,2
217680,10
217684,10
217688,10
217692,10
217696,18
217700,18
217704,18
217708,18
217712,26
217716,26
217720,26
217724,26
217728,3
217744,11
217760,19
217776,27
217792,4
217808,12
217824,20
217840,28
217856,5
217872,13
217888,21
217904,29
217920,6
217936,14
217952,22
217968,30
217984,7
218000,15
218016,23
218032,31
218048,0
218064,8
218080,16
218096,24
218112,2
218128,10
218144,18
218160,26
218176,3
218192,11
218208,19
218224,27
218240,4
218256,12
218272,20
218288,28
218304,5
218320,13
218336,21
218352,29
218368,6
218384,14
218400,22
218416,30
218432,7
218448,15
218464,23
218480,31
218496,0
218512,8
218528,16
218544,24
218560,1
218576,9
218592,17
218608,25
218624,3
218640,11
218656,19
218672,27
218688,4
218704,12
218720,20
218736,28
218752,5
218768,13
218784,21
218800,29
218816,6
218832,14
218848,22
218864,30
218880,7
218896,15
218912,23
218928,31
218944,0
218960,8
218976,16
218992,24
219008,1
219024,9
219040,17
219056,25
219072,2
219076,2
219088,10
219104,18
219120,26
219136,4
219140,4
219144,4
219152,12
219168,20
219184,28
219200,5
219204,5
219208,5
219216,13
219232,21
219248,29
219264,6
219268,6
219272,6
219276,6
219280,14
219296,22
219312,30
219328,7
219332,7
219336,7
219340,7
219344,15
219360,23
219376,31
219392,0
219396,0
219408,8
219424,16
219440,24
219456,1
219460,1
219472,9
219488,17
219504,25
219520,2
219524,2
219528,2
219532,2
219536,10
219552,18
219568,26
219584,3
219588,3
219592,3
219600,11
219616,19
219632,27
219648,5
219652,5
219664,13
219680,21
219696,29
219712,6
219716,6
219720,6
219728,14
219744,22
219760,30
219776,7
219780,7
219784,7
219792,15
219808,23
219824,31
219840,0
219844,0
219848,0
219852,0
219856,8
219860,8
219864,8
219868,8
219872,16
219876,16
219880,16
219884,16
219888,24
219892,24
219896,24
219900,24
219904,1
219908,1
219912,1
219916,1
219920,9
219924,9
219928,9
219932,9
219936,17
219940,17
219944,17
219948,17
219952,25
219956,25
219960,25
219964,25
219968,2
219972,2
219984,10
220000,18
220016,26
220032,3
220036,3
220048,11
220064,19
220080,27
220096,4
220100,4
220104,4
220108,4
220112,12
220128,20
220144,28
220160,6
220164,6
220168,6
220176,14
220192,22
220208,30
220224,7
220240,15
220256,23
220272,31
220288,0
220304,8
220320,16
220336,24
220352,1
220368,9
220384,17
220400,25
220416,2
220432,10
220448,18
220464,26
220480,3
220496,11
220512,19
220528,27
220544,4
220560,12
220576,20
220592,28
220608,5
220624,13
220640,21
220656,29
220672,7
220688,15
220704,23
220720,31
220736,0
220752,8
220768,16
220784,24
220800,1
220816,9
220832,17
220848,25
220864,2
220880,10
220896,18
220912,26
220928,3
220944,11
220960,19
220976,27
220992,4
221008,12
221024,20
221040,28
221056,5
221072,13
221088,21
221104,29
221120,6
221136,14
221152,22
221168,30
221184,0
221200,8
221216,16
221232,24
221248,1
221264,9
221280,17
221296,25
221312,2
221328,10
221344,18
221360,26
221376,3
221392,11
221408,19
221424,27
221440,4
221456,12
221472,20
221488,28
221504,5
221520,13
221536,21
221552,29
221568,6
221584,14
221600,22
221616,30
221632,7
221648,15
221664,23
221680,31
221696,1
221712,9
221728,17
221744,25
221760,2
221776,10
221792,18
221808,26
221824,3
221828,3
221832,3
221840,11
221856,19
221872,27
221888,4
221904,12
221920,20
221936,28
221952,5
221968,13
221984,21
222000,29
222016,6
222032,14
222048,22
222064,30
222080,7
222096,15
222112,23
222128,31
222144,0
222160,8
222176,16
222192,24
222208,2
222224,10
222240,18
222256,26
222272,3
222288,11
222304,19
222320,27
222336,4
222352,12
222368,20
222384,28
222400,5
222416,13
222432,21
222448,29
222464,6
222468,6
222472,6
222476,6
222480,14
222484,14
222488,14
222492,14
222496,22
222500,22
222504,22
222508,22
222512,30
222516,30
222520,30
222524,30
222528,7
222532,7
222536,7
222540,7
222544,15
222548,15
222552,15
222556,15
222560,23
222564,23
222568,23
222572,23
222576,31
222580,31
222584,31
222588,31
222592,0
222608,8
222624,16
222640,24
222656,1
222672,9
222688,17
222704,25
222720,3
222736,11
222752,19
222768,27
222784,4
222800,12
222816,20
222832,28
222848,5
222864,13
222880,21
222896,29
222912,6
222916,6
222920,6
222924,6
222928,14
222932,14
222936,14
222940,14
222944,22
222948,22
222952,22
222956,22
222960,30
222964,30
222968,30
222972,30
222976,7
222980,7
222984,7
222988,7
222992,15
222996,15
223000,15
223004,15
223008,23
223012,23
223016,23
223020,23
223024,31
223028,31
223032,31
223036,31
223040,0
223044,0
223048,0
223056,8
223072,16
223088,24
223104,1
223108,1
223112,1
223116,1
223120,9
223124,9
223128,9
223132,9
223136,17
223152,25
223168,2
223172,2
223184,10
223200,18
223216,26
223232,4
223248,12
223264,20
223280,28
223296,5
223312,13
223328,21
223344,29
223360,6
223364,6
223368,6
223372,6
223376,14
223380,14
223384,14
223388,14
223392,22
223408,30
223424,7
223428,7
223440,15
223456,23
223472,31
223488,0
223504,8
223520,16
223536,24
223552,1
223568,9
223584,17
223600,25
223616,2
223632,10
223648,18
223664,26
223680,3
223696,11
223712,19
223728,27
223744,5
223760,13
223776,21
223792,29
223808,6
223824,14
223840,22
223856,30
223872,7
223888,15
223904,23
223920,31
223936,0
223952,8
223968,16
223984,24
224000,1
224016,9
224032,17
224048,25
224064,2
224068,2
224072,2
224076,2
224080,10
224084,10
224088,10
224092,10
224096,18
224112,26
224128,3
224144,11
224160,19
224176,27
224192,4
224208,12
224224,20
224240,28
224256,6
224272,14
224288,22
224304,30
224320,7
224336,15
224352,23
224368,31
224384,0
224400,8
224416,16
224432,24
224448,1
224464,9
224480,17
224496,25
224512,2
224528,10
224544,18
224560,26
224576,3
224592,11
224608,19
224624,27
224640,4
224656,12
224672,20
224688,28
224704,5
224720,13
224736,21
224752,29
224768,7
224784,15
224800,23
224816,31
224832,0
224848,8
224864,16
224880,24
224896,1
224912,9
224928,17
224944,25
224960,2
224976,10
224992,18
225008,26
225024,3
225040,11
225056,19
225072,27
225088,4
225104,12
225120,20
225136,28
225152,5
225168,13
225184,21
225200,29
225216,6
225232,14
225248,22
225264,30
225280,0
225296,8
225312,16
225328,24
225344,1
225360,9
225376,17
225392,25
225408,2
225424,10
225440,18
225456,26
225472,3
225488,11
225504,19
225520,27
225536,4
225552,12
225568,20
225584,28
225600,5
225616,13
225632,21
225648,29
225664,6
225680,14
225696,22
225712,30
225728,7
225744,15
225760,23
225776,31
225792,1
225808,9
225824,17
225840,25
225856,2
225872,10
225888,18
225904,26
225920,3
225936,11
225952,19
225968,27
225984,4
226000,12
226016,20
226032,28
226048,5
226064,13
226080,21
226096,29
226112,6
226128,14
226144,22
226160,30
226176,7
226192,15
226208,23
226224,31
226240,0
226256,8
226272,16
226288,24
226304,2
226320,10
226336,18
226352,26
226368,3
226384,11
226400,19
226416,27
226432,4
226448,12
226464,20
226480,28
226496,5
226512,13
226528,21
226544,29
226560,6
226576,14
226592,22
226608,30
226624,7
226640,15
226656,23
226672,31
226688,0
226704,8
226720,16
226736,24
226752,1
226768,9
226784,17
226800,25
226816,3
226832,11
226848,19
226864,27
226880,4
226896,12
226912,20
226928,28
226944,5
226960,13
226976,21
226992,29
227008,6
227024,14
227040,22
227056,30
227072,7
227088,15
227104,23
227120,31
227136,0
227140,0
227144,0
227148,0
227152,8
227156,8
227160,8
227164,8
227168,16
227184,24
227200,1
227216,9
227232,17
227248,25
227264,2
227280,10
227296,18
227312,26
227328,4
227344,12
227360,20
227376,28
227392,5
227408,13
227424,21
227440,29
227456,6
227472,14
227488,22
227504,30
227520,7
227536,15
227552,23
227568,31
227584,0
227600,8
227616,16
227632,24
227648,1
227664,9
227680,17
227696,25
227712,2
227728,10
227744,18
227760,26
227776,3
227792,11
227808,19
227824,27
227840,5
227856,13
227872,21
227888,29
227904,6
227920,14
227936,22
227952,30
227968,7
227984,15
228000,23
228016,31
228032,0
228048,8
228064,16
228080,24
228096,1
228112,9
228128,17
228144,25
228160,2
228176,10
228192,18
228208,26
228224,3
228240,11
228256,19
228272,27
228288,4
228304,12
228320,20
228336,28
228352,6
228368,14
228384,22
228400,30
228416,7
228432,15
228448,23
228464,31
228480,0
228496,8
228512,16
228528,24
228544,1
228560,9
228576,17
228592,25
228608,2
228624,10
228640,18
228656,26
228672,3
228688,11
228704,19
228720,27
228736,4
228752,12
228768,20
228784,28
228800,5
228816,13
228832,21
228848,29
228864,7
228880,15
228896,23
228912,31
228928,0
228944,8
228960,16
228976,24
228992,1
229008,9
229024,17
229040,25
229056,2
229072,10
229088,18
229104,26
229120,3
229136,11
229152,19
229168,27
229184,4
229200,12
229216,20
229232,28
229248,5
229264,13
229280,21
229296,29
229312,6
229328,14
229344,22
229360,30
229376,0
229392,8
229408,16
229424,24
229440,1
229456,9
229472,17
229488,25
229504,2
229520,10
229536,18
229552,26
229568,3
229584,11
229600,19
229616,27
229632,4
229648,12
229664,20
229680,28
229696,5
229712,13
229728,21
229744,29
229760,6
229776,14
229792,22
229808,30
229824,7
229840,15
229856,23
229872,31
229888,1
229904,9
229920,17
229936,25
229952,2
229968,10
229984,18
230000,26
230016,3
230032,11
230048,19
230064,27
230080,4
230096,12
230112,20
230128,28
230144,5
230160,13
230176,21
230192,29
230208,6
230224,14
230240,22
230256,30
230272,7
230288,15
230304,23
230320,31
230336,0
230352,8
230368,16
230384,24
230400,2
230416,10
230432,18
230448,26
230464,3
230480,11
230496,19
230512,27
230528,4
230544,12
230560,20
230576,28
230592,5
230608,13
230624,21
230640,29
230656,6
230672,14
230688,22
230704,30
230720,7
230736,15
230752,23
230768,31
230784,0
230800,8
230816,16
230832,24
230848,1
230864,9
230880,17
230896,25
230912,3
230928,11
230944,19
230960,27
230976,4
230992,12
231008,20
231024,28
231040,5
231056,13
231072,21
231088,29
231104,6
231120,14
231136,22
231152,30
231168,7
231184,15
231200,23
231216,31
231232,0
231236,0
231240,0
231244,0
231248,8
231252,8
231256,8
231260,8
231264,16
231280,24
231296,1
231312,9
231328,17
231344,25
231360,2
231364,2
231368,2
231376,10
231392,18
231408,26
231424,4
231428,4
231440,12
231456,20
231472,28
231488,5
231492,5
231496,5
231500,5
231504,13
231508,13
231512,13
231520,21
231536,29
231552,6
231556,6
231568,14
231584,22
231600,30
231616,7
231632,15
231648,23
231664,31
231680,0
231696,8
231712,16
231728,24
231744,1
231760,9
231776,17
231792,25
231808,2
231824,10
231840,18
231856,26
231872,3
231888,11
231904,19
231920,27
231936,5
231952,13
231968,21
231984,29
232000,6
232016,14
232032,22
232048,30
232064,7
232080,15
232096,23
232112,31
232128,0
232144,8
232160,16
232176,24
232192,1
232208,9
232224,17
232240,25
232256,2
232272,10
232288,18
232304,26
232320,3
232324,3
232328,3
232332,3
232336,11
232340,11
232344,11
232348,11
232352,19
232356,19
232360,19
232364,19
232368,27
232372,27
232376,27
232380,27
232384,4
232388,4
232392,4
232396,4
232400,12
232404,12
232408,12
232412,12
232416,20
232420,20
232424,20
232428,20
232432,28
232436,28
232440,28
232444,28
232448,6
232464,14
232480,22
232496,30
232512,7
232528,15
232544,23
232560,31
232576,0
232592,8
232608,16
232624,24
232640,1
232656,9
232672,17
232688,25
232704,2
232720,10
232736,18
232752,26
232768,3
232784,11
232800,19
232816,27
232832,4
232836,4
232840,4
232848,12
232864,20
232880,28
232896,5
232900,5
232912,13
232928,21
232944,29
232960,7
232964,7
232968,7
232972,7
232976,15
232980,15
232984,15
232992,23
233008,31
233024,0
233028,0
233040,8
233056,16
233072,24
233088,1
233104,9
233120,17
233136,25
233152,2
233168,10
233184,18
233200,26
233216,3
233232,11
233248,19
233264,27
233280,4
233296,12
233312,20
233328,28
233344,5
233360,13
233376,21
233392,29
233408,6
233424,14
233440,22
233456,30
233472,0
233488,8
233504,16
233520,24
233536,1
233552,9
233568,17
233584,25
233600,2
233616,10
233632,18
233648,26
233664,3
233680,11
233696,19
233712,27
233728,4
233744,12
233760,20
233776,28
233792,5
233808,13
233824,21
233840,29
233856,6
233872,14
233888,22
233904,30
233920,7
233936,15
233952,23
233968,31
233984,1
234000,9
234016,17
234032,25
234048,2
234064,10
234080,18
234096,26
234112,3
234128,11
234144,19
234160,27
234176,4
234192,12
234208,20
234224,28
234240,5
234256,13
234272,21
234288,29
234304,6
234320,14
234336,22
234352,30
234368,7
234384,15
234400,23
234416,31
234432,0
234448,8
234464,16
234480,24
234496,2
234512,10
234528,18
234544,26
234560,3
234576,11
234592,19
234608,27
234624,4
234640,12
234656,20
234672,28
234688,5
234704,13
234720,21
234736,29
234752,6
234768,14
234784,22
234800,30
234816,7
234832,15
234848,23
234864,31
234880,0
234896,8
234912,16
234928,24
234944,1
234960,9
234976,17
234992,25
235008,3
235024,11
235040,19
235056,27
235072,4
235088,12
235104,20
235120,28
235136,5
235152,13
235168,21
235184,29
235200,6
235216,14
235232,22
235248,30
235264,7
235280,15
235296,23
235312,31
235328,0
235344,8
235360,16
235376,24
235392,1
235408,9
235424,17
235440,25
235456,2
235472,10
235488,18
235504,26
235520,4
235536,12
235552,20
235568,28
235584,5
235600,13
235616,21
235632,29
235648,6
235664,14
235680,22
235696,30
235712,7
235728,15
235744,23
235760,31
235776,0
235792,8
235808,16
235824,24
235840,1
235856,9
235872,17
235888,25
235904,2
235920,10
235936,18
235952,26
235968,3
235984,11
236000,19
236016,27
236032,5
236048,13
236064,21
236080,29
236096,6
236112,14
236128,22
236144,30
236160,7
236176,15
236192,23
236208,31
236224,0
236240,8
236256,16
236272,24
236288,1
236304,9
236320,17
236336,25
236352,2
236368,10
236384,18
236400,26
236416,3
236432,11
236448,19
236464,27
236480,4
236496,12
236512,20
236528,28
236544,6
236560,14
236576,22
236592,30
236608,7
236624,15
236640,23
236656,31
236672,0
236688,8
236704,16
236720,24
236736,1
236752,9
236768,17
236784,25
236800,2
236816,10
236832,18
236848,26
236864,3
236880,11
236896,19
236912,27
236928,4
236944,12
236960,20
236976,28
236992,5
237008,13
237024,21
237040,29
237056,7
237072,15
237088,23
237104,31
237120,0
237136,8
237152,16
237168,24
237184,1
237200,9
237216,17
237232,25
237248,2
237264,10
237280,18
237296,26
237312,3
237328,11
237344,19
237360,27
237376,4
237392,12
237408,20
237424,28
237440,5
237456,13
237472,21
237488,29
237504,6
237520,14
237536,22
237552,30
237568,0
237584,8
237600,16
237616,24
237632,1
237648,9
237664,17
237680,25
237696,2
237712,10
237728,18
237744,26
237760,3
237776,11
237792,19
237808,27
237824,4
237840,12
237856,20
237872,28
237888,5
237904,13
237920,21
237936,29
237952,6
237968,14
237984,22
238000,30
238016,7
238032,15
238048,23
238064,31
238080,1
238096,9
238112,17
238128,25
238144,2
238160,10
238176,18
238192,26
238208,3
238224,11
238240,19
238256,27
238272,4
238288,12
238304,20
238320,28
238336,5
238352,13
238368,21
238384,29
238400,6
238416,14
238432,22
238448,30
238464,7
238480,15
238496,23
238512,31
238528,0
238544,8
238560,16
238576,24
238592,2
238608,10
238624,18
238640,26
238656,3
238672,11
238688,19
238704,27
238720,4
238736,12
238752,20
238768,28
238784,5
238800,13
238816,21
238832,29
238848,6
238864,14
238880,22
238896,30
238912,7
238928,15
238944,23
238960,31
238976,0
238992,8
239008,16
239024,24
239040,1
239056,9
239072,17
239088,25
239104,3
239120,11
239136,19
239152,27
239168,4
239184,12
239200,20
239216,28
239232,5
239248,13
239264,21
239280,29
239296,6
239312,14
239328,22
239344,30
239360,7
239376,15
239392,23
239408,31
239424,0
239440,8
239456,16
239472,24
239488,1
239504,9
239520,17
239536,25
239552,2
239568,10
239584,18
239600,26
239616,4
239632,12
239648,20
239664,28
239680,5
239696,13
239712,21
239728,29
239744,6
239760,14
239776,22
239792,30
239808,7
239824,15
239840,23
239856,31
239872,0
239888,8
239904,16
239920,24
239936,1
239952,9
239968,17
239984,25
240000,2
240016,10
240032,18
240048,26
240064,3
240080,11
240096,19
240112,27
240128,5
240144,13
240160,21
240176,29
240192,6
240208,14
240224,22
240240,30
240256,7
240272,15
240288,23
240304,31
240320,0
240336,8
240352,16
240368,24
240384,1
240400,9
240416,17
240432,25
240448,2
240464,10
240480,18
240496,26
240512,3
240528,11
240544,19
240560,27
240576,4
240592,12
240608,20
240624,28
240640,6
240644,6
240648,6
240652,6
240656,14
240660,14
240664,14
240668,14
240672,22
240688,30
240704,7
240720,15
240736,23
240752,31
240768,0
240784,8
240800,16
240816,24
240832,1
240848,9
240864,17
240880,25
240896,2
240912,10
240928,18
240944,26
240960,3
240976,11
240992,19
241008,27
241024,4
241040,12
241056,20
241072,28
241088,5
241104,13
241120,21
241136,29
241152,7
241168,15
241184,23
241200,31
241216,0
241232,8
241248,16
241264,24
241280,1
241296,9
241312,17
241328,25
241344,2
241360,10
241376,18
241392,26
241408,3
241424,11
241440,19
241456,27
241472,4
241488,12
241504,20
241520,28
241536,5
241552,13
241568,21
241584,29
241600,6
241616,14
241632,22
241648,30
241664,0
241668,0
241672,0
241676,0
241680,8
241684,8
241688,8
241696,16
241712,24
241728,1
241732,1
241744,9
241760,17
241776,25
241792,2
241796,2
241800,2
241804,2
241808,10
241824,18
241840,26
241856,3
241872,11
241888,19
241904,27
241920,4
241936,12
241952,20
241968,28
241984,5
242000,13
242016,21
242032,29
242048,6
242064,14
242080,22
242096,30
242112,7
242128,15
242144,23
242160,31
242176,1
242192,9
242208,17
242224,25
242240,2
242256,10
242272,18
242288,26
242304,3
242320,11
242336,19
242352,27
242368,4
242384,12
242400,20
242416,28
242432,5
242448,13
242464,21
242480,29
242496,6
242512,14
242528,22
242544,30
242560,7
242576,15
242592,23
242608,31
242624,0
242640,8
242656,16
242672,24
242688,2
242704,10
242720,18
242736,26
242752,3
242768,11
242784,19
242800,27
242816,4
242820,4
242832,12
242848,20
242864,28
242880,5
242896,13
242912,21
242928,29
242944,6
242960,14
242976,22
242992,30
243008,7
243024,15
243040,23
243056,31
243072,0
243088,8
243104,16
243120,24
243136,1
243152,9
243168,17
243184,25
243200,3
243204,3
243208,3
243216,11
243232,19
243248,27
243264,4
243268,4
243272,4
243280,12
243296,20
243312,28
243328,5
243332,5
243336,5
243344,13
243360,21
243376,29
243392,6
243396,6
243400,6
243408,14
243424,22
243440,30
243456,7
243472,15
243488,23
243504,31
243520,0
243536,8
243552,16
243568,24
243584,1
243600,9
243616,17
243632,25
243648,2
243664,10
243680,18
243696,26
243712,4
243728,12
243744,20
243760,28
243776,5
243792,13
243808,21
243824,29
243840,6
243856,14
243872,22
243888,30
243904,7
243920,15
243936,23
243952,31
243968,0
243984,8
244000,16
244016,24
244032,1
244048,9
244064,17
244080,25
244096,2
244112,10
244128,18
244144,26
244160,3
244176,11
244192,19
244208,27
244224,5
244240,13
244256,21
244272,29
244288,6
244304,14
244320,22
244336,30
244352,7
244368,15
244384,23
244400,31
244416,0
244432,8
244448,16
244464,24
244480,1
244484,1
244488,1
244492,1
244496,9
244500,9
244504,9
244512,17
244528,25
244544,2
244548,2
244552,2
244556,2
244560,10
244564,10
244568,10
244576,18
244592,26
244608,3
244612,3
244616,3
244620,3
244624,11
244628,11
244632,11
244636,11
244640,19
244656,27
244672,4
244676,4
244680,4
244684,4
244688,12
244704,20
244720,28
244736,6
244740,6
244752,14
244768,22
244784,30
244800,7
244804,7
244808,7
244812,7
244816,15
244820,15
244824,15
244828,15
244832,23
244848,31
244864,0
244880,8
244896,16
244912,24
244928,1
244944,9
244960,17
244976,25
244992,2
244996,2
245000,2
245004,2
245008,10
245012,10
245016,10
245024,18
245040,26
245056,3
245060,3
245064,3
245068,3
245072,11
245076,11
245080,11
245088,19
245104,27
245120,4
245124,4
245128,4
245132,4
245136,12
245140,12
245144,12
245148,12
245152,20
245168,28
245184,5
245188,5
245192,5
245196,5
245200,13
245216,21
245232,29
245248,7
245252,7
245264,15
245280,23
245296,31
245312,0
245316,0
245320,0
245324,0
245328,8
245332,8
245336,8
245340,8
245344,16
245360,24
245376,1
245392,9
245408,17
245424,25
245440,2
245456,10
245472,18
245488,26
245504,3
245520,11
245536,19
245552,27
245568,4
245584,12
245600,20
245616,28
245632,5
245648,13
245664,21
245680,29
245696,6
245712,14
245728,22
245744,30
245760,0
245776,8
245792,16
245808,24
245824,1
245840,9
245856,17
245872,25
245888,2
245904,10
245920,18
245936,26
245952,3
245968,11
245984,19
246000,27
246016,4
246032,12
246048,20
246064,28
246080,5
246096,13
246112,21
246128,29
246144,6
246160,14
246176,22
246192,30
246208,7
246224,15
246240,23
246256,31
246272,1
246288,9
246304,17
246320,25
246336,2
246352,10
246368,18
246384,26
246400,3
246416,11
246432,19
246448,27
246464,4
246480,12
246496,20
246512,28
246528,5
246544,13
246560,21
246576,29
246592,6
246608,14
246624,22
246640,30
246656,7
246672,15
246688,23
246704,31
246720,0
246736,8
246752,16
246768,24
246784,2
246800,10
246816,18
246832,26
246848,3
246864,11
246880,19
246896,27
246912,4
246928,12
246944,20
246960,28
246976,5
246992,13
247008,21
247024,29
247040,6
247056,14
247072,22
247088,30
247104,7
247120,15
247136,23
247152,31
247168,0
247184,8
247200,16
247216,24
247232,1
247248,9
247264,17
247280,25
247296,3
247312,11
247328,19
247344,27
247360,4
247376,12
247392,20
247408,28
247424,5
247440,13
247456,21
247472,29
247488,6
247504,14
247520,22
247536,30
247552,7
247568,15
247584,23
247600,31
247616,0
247632,8
247648,16
247664,24
247680,1
247696,9
247712,17
247728,25
247744,2
247760,10
247776,18
247792,26
247808,4
247824,12
247840,20
247856,28
247872,5
247888,13
247904,21
247920,29
247936,6
247952,14
247968,22
247984,30
248000,7
248016,15
248032,23
248048,31
248064,0
248080,8
248096,16
248112,24
248128,1
248144,9
248160,17
248176,25
248192,2
248208,10
248224,18
248240,26
248256,3
248272,11
248288,19
248304,27
248320,5
248336,13
248352,21
248368,29
248384,6
248400,14
248416,22
248432,30
248448,7
248464,15
248480,23
248496,31
248512,0
248528,8
248544,16
248560,24
248576,1
248592,9
248608,17
248624,25
248640,2
248656,10
248672,18
248688,26
248704,3
248720,11
248736,19
248752,27
248768,4
248784,12
248800,20
248816,28
248832,6
248848,14
248864,22
248880,30
248896,7
248912,15
248928,23
248944,31
248960,0
248976,8
248992,16
249008,24
249024,1
249040,9
249056,17
249072,25
249088,2
249104,10
249120,18
249136,26
249152,3
249168,11
249184,19
249200,27
249216,4
249232,12
249248,20
249264,28
249280,5
249296,13
249312,21
249328,29
249344,7
249360,15
249376,23
249392,31
249408,0
249424,8
249440,16
249456,24
249472,1
249488,9
249504,17
249520,25
249536,2
249552,10
249568,18
249584,26
249600,3
249616,11
249632,19
249648,27
249664,4
249680,12
249696,20
249712,28
249728,5
249744,13
249760,21
249776,29
249792,6
249808,14
249824,22
249840,30
249856,0
249872,8
249888,16
249904,24
249920,1
249936,9
249952,17
249968,25
249984,2
249988,2
250000,10
250016,18
250032,26
250048,3
250052,3
250064,11
250080,19
250096,27
250112,4
250116,4
250120,4
250128,12
250144,20
250160,28
250176,5
250180,5
250184,5
250192,13
250208,21
250224,29
250240,6
250244,6
250256,14
250272,22
250288,30
250304,7
250308,7
250312,7
250316,7
250320,15
250336,23
250352,31
250368,1
250372,1
250376,1
250384,9
250400,17
250416,25
250432,2
250436,2
250440,2
250448,10
250464,18
250480,26
250496,3
250500,3
250512,11
250528,19
250544,27
250560,4
250564,4
250568,4
250572,4
250576,12
250592,20
250608,28
250624,5
250640,13
250656,21
250672,29
250688,6
250704,14
250720,22
250736,30
250752,7
250768,15
250784,23
250800,31
250816,0
250832,8
250848,16
250864,24
250880,2
250896,10
250912,18
250928,26
250944,3
250960,11
250976,19
250992,27
251008,4
251024,12
251040,20
251056,28
251072,5
251088,13
251104,21
251120,29
251136,6
251152,14
251168,22
251184,30
251200,7
251216,15
251232,23
251248,31
251264,0
251280,8
251296,16
251312,24
251328,1
251344,9
251360,17
251376,25
251392,3
251408,11
251424,19
251440,27
251456,4
251472,12
251488,20
251504,28
251520,5
251536,13
251552,21
251568,29
251584,6
251600,14
251616,22
251632,30
251648,7
251664,15
251680,23
251696,31
251712,0
251728,8
251744,16
251760,24
251776,1
251792,9
251808,17
251824,25
251840,2
251856,10
251872,18
251888,26
251904,4
251920,12
251936,20
251952,28
251968,5
251984,13
252000,21
252016,29
252032,6
252048,14
252064,22
252080,30
252096,7
252112,15
252128,23
252144,31
252160,0
252176,8
252192,16
252208,24
252224,1
252240,9
252256,17
252272,25
252288,2
252304,10
252320,18
252336,26
252352,3
252368,11
252384,19
252400,27
252416,5
252432,13
252448,21
252464,29
252480,6
252496,14
252512,22
252528,30
252544,7
252560,15
252576,23
252592,31
252608,0
252624,8
252640,16
252656,24
252672,1
252688,9
252704,17
252720,25
252736,2
252752,10
252768,18
252784,26
252800,3
252816,11
252832,19
252848,27
252864,4
252880,12
252896,20
252912,28
252928,6
252944,14
252960,22
252976,30
252992,7
253008,15
253024,23
253040,31
253056,0
253072,8
253088,16
253104,24
253120,1
253136,9
253152,17
253168,25
253184,2
253200,10
253216,18
253232,26
253248,3
253264,11
253280,19
253296,27
253312,4
253328,12
253344,20
253360,28
253376,5
253392,13
253408,21
253424,29
253440,7
253456,15
253472,23
253488,31
253504,0
253520,8
253536,16
253552,24
253568,1
253584,9
253600,17
253616,25
253632,2
253648,10
253664,18
253680,26
253696,3
253712,11
253728,19
253744,27
253760,4
253776,12
253792,20
253808,28
253824,5
253840,13
253856,21
253872,29
253888,6
253904,14
253920,22
253936,30
253952,0
253968,8
253984,16
254000,24
254016,1
254032,9
254048,17
254064,25
254080,2
254096,10
254112,18
254128,26
254144,3
254160,11
254176,19
254192,27
254208,4
254224,12
254240,20
254256,28
254272,5
254288,13
254304,21
254320,29
254336,6
254352,14
254368,22
254384,30
254400,7
254416,15
254432,23
254448,31
254464,1
254480,9
254496,17
254512,25
254528,2
254544,10
254560,18
254576,26
254592,3
254608,11
254624,19
254640,27
254656,4
254672,12
254688,20
254704,28
254720,5
254736,13
254752,21
254768,29
254784,6
254800,14
254816,22
254832,30
254848,7
254864,15
254880,23
254896,31
254912,0
254928,8
254944,16
254960,24
254976,2
254992,10
255008,18
255024,26
255040,3
255056,11
255072,19
255088,27
255104,4
255120,12
255136,20
255152,28
255168,5
255184,13
255200,21
255216,29
255232,6
255248,14
255264,22
255280,30
255296,7
255312,15
255328,23
255344,31
255360,0
255376,8
255392,16
255408,24
255424,1
255440,9
255456,17
255472,25
255488,3
255504,11
255520,19
255536,27
255552,4
255568,12
255584,20
255600,28
255616,5
255632,13
255648,21
255664,29
255680,6
255696,14
255712,22
255728,30
255744,7
255760,15
255776,23
255792,31
255808,0
255824,8
255840,16
255856,24
255872,1
255876,1
255880,1
255888,9
255904,17
255920,25
255936,2
255940,2
255944,2
255952,10
255968,18
255984,26
256000,4
256016,12
256032,20
256048,28
256064,5
256080,13
256096,21
256112,29
256128,6
256144,14
256160,22
256176,30
256192,7
256208,15
256224,23
256240,31
256256,0
256272,8
256288,16
256304,24
256320,1
256336,9
256352,17
256368,25
256384,2
256400,10
256416,18
256432,26
256448,3
256464,11
256480,19
256496,27
256512,5
256528,13
256544,21
256560,29
256576,6
256592,14
256608,22
256624,30
256640,7
256656,15
256672,23
256688,31
256704,0
256720,8
256736,16
256752,24
256768,1
256784,9
256800,17
256816,25
256832,2
256848,10
256864,18
256880,26
256896,3
256912,11
256928,19
256944,27
256960,4
256976,12
256992,20
257008,28
257024,6
257040,14
257056,22
257072,30
257088,7
257104,15
257120,23
257136,31
257152,0
257168,8
257184,16
257200,24
257216,1
257232,9
257248,17
257264,25
257280,2
257296,10
257312,18
257328,26
257344,3
257360,11
257376,19
257392,27
257408,4
257424,12
257440,20
257456,28
257472,5
257488,13
257504,21
257520,29
257536,7
257552,15
257568,23
257584,31
257600,0
257616,8
257632,16
257648,24
257664,1
257680,9
257696,17
257712,25
257728,2
257744,10
257760,18
257776,26
257792,3
257808,11
257824,19
257840,27
257856,4
257872,12
257888,20
257904,28
257920,5
257936,13
257952,21
257968,29
257984,6
258000,14
258016,22
258032,30
258048,0
258064,8
258080,16
258096,24
258112,1
258128,9
258144,17
258160,25
258176,2
258192,10
258208,18
258224,26
258240,3
258256,11
258272,19
258288,27
258304,4
258320,12
258336,20
258352,28
258368,5
258384,13
258400,21
258416,29
258432,6
258448,14
258464,22
258480,30
258496,7
258512,15
258528,23
258544,31
258560,1
258576,9
258592,17
258608,25
258624,2
258640,10
258656,18
258672,26
258688,3
258704,11
258720,19
258736,27
258752,4
258768,12
258784,20
258800,28
258816,5
258832,13
258848,21
258864,29
258880,6
258896,14
258912,22
258928,30
258944,7
258960,15
258976,23
258992,31
259008,0
259024,8
259040,16
259056,24
259072,2
259088,10
259104,18
259120,26
259136,3
259152,11
259168,19
259184,27
259200,4
259216,12
259232,20
259248,28
259264,5
259280,13
259296,21
259312,29
259328,6
259344,14
259360,22
259376,30
259392,7
259408,15
259424,23
259440,31
259456,0
259472,8
259488,16
259504,24
259520,1
259536,9
259552,17
259568,25
259584,3
259600,11
259616,19
259632,27
259648,4
259664,12
259680,20
259696,28
259712,5
259728,13
259744,21
259760,29
259776,6
259792,14
259808,22
259824,30
259840,7
259844,7
259848,7
259856,15
259872,23
259888,31
259904,0
259908,0
259912,0
259920,8
259936,16
259952,24
259968,1
259972,1
259976,1
259984,9
260000,17
260016,25
260032,2
260036,2
260040,2
260048,10
260064,18
260080,26
260096,4
260112,12
260128,20
260144,28
260160,5
260176,13
260192,21
260208,29
260224,6
260240,14
260256,22
260272,30
260288,7
260304,15
260320,23
260336,31
260352,0
260368,8
260384,16
260400,24
260416,1
260432,9
260448,17
260464,25
260480,2
260496,10
260512,18
260528,26
260544,3
260560,11
260576,19
260592,27
260608,5
260624,13
260640,21
260656,29
260672,6
260688,14
260704,22
260720,30
260736,7
260752,15
260768,23
260784,31
260800,0
260816,8
260832,16
260848,24
260864,1
260880,9
260896,17
260912,25
260928,2
260944,10
260960,18
260976,26
260992,3
261008,11
261024,19
261040,27
261056,4
261072,12
261088,20
261104,28
261120,6
261136,14
261152,22
261168,30
261184,7
261200,15
261216,23
261232,31
261248,0
261264,8
261280,16
261296,24
261312,1
261328,9
261344,17
261360,25
261376,2
261392,10
261408,18
261424,26
261440,3
261456,11
261472,19
261488,27
261504,4
261520,12
261536,20
261552,28
261568,5
261584,13
261600,21
261616,29
261632,7
261648,15
261664,23
261680,31
261696,0
261712,8
261728,16
261744,24
261760,1
261776,9
261792,17
261808,25
261824,2
261840,10
261856,18
261872,26
261888,3
261904,11
261920,19
261936,27
261952,4
261968,12
261984,20
262000,28
262016,5
262032,13
262048,21
262064,29
262080,6
262096,14
262112,22
262128,30
262144,0
262160,8
262176,16
262192,24
262208,1
262224,9
262240,17
262256,25
262272,2
262288,10
262304,18
262320,26
262336,3
262352,11
262368,19
262384,27
262400,4
262416,12
262432,20
262448,28
262464,5
262480,13
262496,21
262512,29
262528,6
262544,14
262560,22
262576,30
262592,7
262608,15
262624,23
262640,31
262656,1
262672,9
262688,17
262704,25
262720,2
262736,10
262752,18
262768,26
262784,3
262800,11
262816,19
262832,27
262848,4
262864,12
262880,20
262896,28
262912,5
262928,13
262944,21
262960,29
262976,6
262992,14
263008,22
263024,30
263040,7
263056,15
263072,23
263088,31
263104,0
263120,8
263136,16
263152,24
263168,2
263184,10
263200,18
263216,26
263232,3
263248,11
263264,19
263280,27
263296,4
263312,12
263328,20
263344,28
263360,5
263376,13
263392,21
263408,29
263424,6
263440,14
263456,22
263472,30
263488,7
263504,15
263520,23
263536,31
263552,0
263568,8
263584,16
263600,24
263616,1
263632,9
263648,17
263664,25
263680,3
263696,11
263712,19
263728,27
263744,4
263760,12
263776,20
263792,28
263808,5
263824,13
263840,21
263856,29
263872,6
263888,14
263904,22
263920,30
263936,7
263952,15
263968,23
263984,31
264000,0
264016,8
264032,16
264048,24
264064,1
264080,9
264096,17
264112,25
264128,2
264144,10
264160,18
264176,26
264192,4
264208,12
264224,20
264240,28
264256,5
264272,13
264288,21
264304,29
264320,6
264336,14
264352,22
264368,30
264384,7
264400,15
264416,23
264432,31
264448,0
264464,8
264480,16
264496,24
264512,1
264528,9
264544,17
264560,25
264576,2
264592,10
264608,18
264624,26
264640,3
264656,11
264672,19
264688,27
264704,5
264720,13
264736,21
264752,29
264768,6
264784,14
264800,22
264816,30
264832,7
264848,15
264864,23
264880,31
264896,0
264912,8
264928,16
264944,24
264960,1
264976,9
264992,17
265008,25
265024,2
265040,10
265056,18
265072,26
265088,3
265104,11
265120,19
265136,27
265152,4
265168,12
265184,20
265200,28
265216,6
265232,14
265248,22
265264,30
265280,7
265296,15
265312,23
265328,31
265344,0
265360,8
265376,16
265392,24
265408,1
265424,9
265440,17
265456,25
265472,2
265488,10
265504,18
265520,26
265536,3
265552,11
265568,19
265584,27
265600,4
265616,12
265632,20
265648,28
265664,5
265680,13
265696,21
265712,29
265728,7
265744,15
265760,23
265776,31
265792,0
265808,8
265824,16
265840,24
265856,1
265872,9
265888,17
265904,25
265920,2
265936,10
265952,18
265968,26
265984,3
266000,11
266016,19
266032,27
266048,4
266064,12
266080,20
266096,28
266112,5
266128,13
266144,21
266160,29
266176,6
266192,14
266208,22
266224,30
266240,0
266256,8
266272,16
266288,24
266304,1
266320,9
266336,17
266352,25
266368,2
266384,10
266400,18
266416,26
266432,3
266448,11
266464,19
266480,27
266496,4
266512,12
266528,20
266544,28
266560,5
266576,13
266592,21
266608,29
266624,6
266640,14
266656,22
266672,30
266688,7
266704,15
266720,23
266736,31
266752,1
266768,9
266784,17
266800,25
266816,2
266832,10
266848,18
266864,26
266880,3
266896,11
266912,19
266928,27
266944,4
266960,12
266976,20
266992,28
267008,5
267024,13
267040,21
267056,29
267072,6
267088,14
267104,22
267120,30
267136,7
267152,15
267168,23
267184,31
267200,0
267216,8
267232,16
267248,24
267264,2
267280,10
267296,18
267312,26
267328,3
267344,11
267360,19
267376,27
267392,4
267408,12
267424,20
267440,28
267456,5
267472,13
267488,21
267504,29
267520,6
267536,14
267552,22
267568,30
267584,7
267600,15
267616,23
267632,31
267648,0
267664,8
267680,16
267696,24
267712,1
267728,9
267744,17
267760,25
267776,3
267792,11
267808,19
267824,27
267840,4
267856,12
267872,20
267888,28
267904,5
267920,13
267936,21
267952,29
267968,6
267984,14
268000,22
268016,30
268032,7
268048,15
268064,23
268080,31
268096,0
268112,8
268128,16
268144,24
268160,1
268176,9
268192,17
268208,25
268224,2
268240,10
268256,18
268272,26
268288,4
268304,12
268320,20
268336,28
268352,5
268368,13
268384,21
268400,29
268416,6
268432,14
268448,22
268464,30
268480,7
268496,15
268512,23
268528,31
268544,0
268560,8
268576,16
268592,24
268608,1
268624,9
268640,17
268656,25
268672,2
268688,10
268704,18
268720,26
268736,3
268752,11
268768,19
268784,27
268800,5
268816,13
268832,21
268848,29
268864,6
268880,14
268896,22
268912,30
268928,7
268944,15
268960,23
268976,31
268992,0
269008,8
269024,16
269040,24
269056,1
269072,9
269088,17
269104,25
269120,2
269136,10
269152,18
269168,26
269184,3
269200,11
269216,19
269232,27
269248,4
269264,12
269280,20
269296,28
269312,6
269328,14
269344,22
269360,30
269376,7
269392,15
269408,23
269424,31
269440,0
269456,8
269472,16
269488,24
269504,1
269520,9
269536,17
269552,25
269568,2
269584,10
269600,18
269616,26
269632,3
269648,11
269664,19
269680,27
269696,4
269712,12
269728,20
269744,28
269760,5
269776,13
269792,21
269808,29
269824,7
269840,15
269856,23
269872,31
269888,0
269904,8
269920,16
269936,24
269952,1
269968,9
269984,17
270000,25
270016,2
270032,10
270048,18
270064,26
270080,3
270096,11
270112,19
270128,27
270144,4
270160,12
270176,20
270192,28
270208,5
270224,13
270240,21
270256,29
270272,6
270288,14
270304,22
270320,30
270336,0
270352,8
270368,16
270384,24
270400,1
270416,9
270432,17
270448,25
270464,2
270480,10
270496,18
270512,26
270528,3
270544,11
270560,19
270576,27
270592,4
270608,12
270624,20
270640,28
270656,5
270672,13
270688,21
270704,29
270720,6
270736,14
270752,22
270768,30
270784,7
270800,15
270816,23
270832,31
270848,1
270864,9
270880,17
270896,25
270912,2
270928,10
270944,18
270960,26
270976,3
270992,11
271008,19
271024,27
271040,4
271056,12
271072,20
271088,28
271104,5
271120,13
271136,21
271152,29
271168,6
271172,6
271184,14
271200,22
271216,30
271232,7
271236,7
271240,7
271248,15
271264,23
271280,31
271296,0
271300,0
271304,0
271312,8
271328,16
271344,24
271360,2
271364,2
271368,2
271372,2
271376,10
271392,18
271408,26
271424,3
271428,3
271432,3
271436,3
271440,11
271456,19
271472,27
271488,4
271492,4
271504,12
271520,20
271536,28
271552,5
271556,5
271568,13
271584,21
271600,29
271616,6
271620,6
271624,6
271628,6
271632,14
271648,22
271664,30
271680,7
271684,7
271688,7
271696,15
271712,23
271728,31
271744,0
271760,8
271776,16
271792,24
271808,1
271824,9
271840,17
271856,25
271872,3
271888,11
271904,19
271920,27
271936,4
271952,12
271968,20
271984,28
272000,5
272016,13
272032,21
272048,29
272064,6
272080,14
272096,22
272112,30
272128,7
272144,15
272160,23
272176,31
272192,0
272208,8
272224,16
272240,24
272256,1
272272,9
272288,17
272304,25
272320,2
272336,10
272352,18
272368,26
272384,4
272400,12
272416,20
272432,28
272448,5
272464,13
272480,21
272496,29
272512,6
272528,14
272544,22
272560,30
272576,7
272592,15
272608,23
272624,31
272640,0
272656,8
272672,16
272688,24
272704,1
272720,9
272736,17
272752,25
272768,2
272784,10
272800,18
272816,26
272832,3
272848,11
272864,19
272880,27
272896,5
272912,13
272928,21
272944,29
272960,6
272964,6
272968,6
272972,6
272976,14
272980,14
272984,14
272992,22
273008,30
273024,7
273028,7
273032,7
273036,7
273040,15
273056,23
273072,31
273088,0
273092,0
273104,8
273120,16
273136,24
273152,1
273168,9
273184,17
273200,25
273216,2
273232,10
273248,18
273264,26
273280,3
273296,11
273312,19
273328,27
273344,4
273360,12
273376,20
273392,28
273408,6
273424,14
273440,22
273456,30
273472,7
273488,15
273504,23
273520,31
273536,0
273552,8
273568,16
273584,24
273600,1
273616,9
273632,17
273648,25
273664,2
273680,10
273696,18
273712,26
273728,3
273744,11
273760,19
273776,27
273792,4
273808,12
273824,20
273840,28
273856,5
273872,13
273888,21
273904,29
273920,7
273936,15
273952,23
273968,31
273984,0
274000,8
274016,16
274032,24
274048,1
274064,9
274080,17
274096,25
274112,2
274128,10
274144,18
274160,26
274176,3
274192,11
274208,19
274224,27
274240,4
274256,12
274272,20
274288,28
274304,5
274320,13
274336,21
274352,29
274368,6
274384,14
274400,22
274416,30
274432,0
274448,8
274464,16
274480,24
274496,1
274512,9
274528,17
274544,25
274560,2
274576,10
274592,18
274608,26
274624,3
274640,11
274656,19
274672,27
274688,4
274704,12
274720,20
274736,28
274752,5
274768,13
274784,21
274800,29
274816,6
274832,14
274848,22
274864,30
274880,7
274896,15
274912,23
274928,31
274944,1
274960,9
274976,17
274992,25
275008,2
275024,10
275040,18
275056,26
275072,3
275088,11
275104,19
275120,27
275136,4
275152,12
275168,20
275184,28
275200,5
275216,13
275232,21
275248,29
275264,6
275280,14
275296,22
275312,30
275328,7
275344,15
275360,23
275376,31
275392,0
275408,8
275424,16
275440,24
275456,2
275472,10
275488,18
275504,26
275520,3
275536,11
275552,19
275568,27
275584,4
275600,12
275616,20
275632,28
275648,5
275664,13
275680,21
275696,29
275712,6
275728,14
275744,22
275760,30
275776,7
275792,15
275808,23
275824,31
275840,0
275856,8
275872,16
275888,24
275904,1
275920,9
275936,17
275952,25
275968,3
275984,11
276000,19
276016,27
276032,4
276048,12
276064,20
276080,28
276096,5
276112,13
276128,21
276144,29
276160,6
276176,14
276192,22
276208,30
276224,7
276240,15
276256,23
276272,31
276288,0
276304,8
276320,16
276336,24
276352,1
276368,9
276384,17
276400,25
276416,2
276432,10
276448,18
276464,26
276480,4
276496,12
276512,20
276528,28
276544,5
276560,13
276576,21
276592,29
276608,6
276624,14
276640,22
276656,30
276672,7
276688,15
276704,23
276720,31
276736,0
276752,8
276768,16
276784,24
276800,1
276816,9
276832,17
276848,25
276864,2
276880,10
276896,18
276912,26
276928,3
276944,11
276960,19
276976,27
276992,5
277008,13
277024,21
277040,29
277056,6
277072,14
277088,22
277104,30
277120,7
277136,15
277152,23
277168,31
277184,0
277200,8
277216,16
277232,24
277248,1
277264,9
277280,17
277296,25
277312,2
277328,10
277344,18
277360,26
277376,3
277392,11
277408,19
277424,27
277440,4
277456,12
277472,20
277488,28
277504,6
277520,14
277536,22
277552,30
277568,7
277584,15
277600,23
277616,31
277632,0
277648,8
277664,16
277680,24
277696,1
277712,9
277728,17
277744,25
277760,2
277776,10
277792,18
277808,26
277824,3
277840,11
277856,19
277872,27
277888,4
277904,12
277920,20
277936,28
277952,5
277968,13
277984,21
278000,29
278016,7
278032,15
278048,23
278064,31
278080,0
278096,8
278112,16
278128,24
278144,1
278160,9
278176,17
278192,25
278208,2
278224,10
278240,18
278256,26
278272,3
278288,11
278304,19
278320,27
278336,4
278352,12
278368,20
278384,28
278400,5
278416,13
278432,21
278448,29
278464,6
278480,14
278496,22
278512,30
278528,0
278544,8
278560,16
278576,24
278592,1
278608,9
278624,17
278640,25
278656,2
278672,10
278688,18
278704,26
278720,3
278736,11
278752,19
278768,27
278784,4
278800,12
278816,20
278832,28
278848,5
278864,13
278880,21
278896,29
278912,6
278928,14
278944,22
278960,30
278976,7
278992,15
279008,23
279024,31
279040,1
279056,9
279072,17
279088,25
279104,2
279120,10
279136,18
279152,26
279168,3
279184,11
279200,19
279216,27
279232,4
279248,12
279264,20
279280,28
279296,5
279312,13
279328,21
279344,29
279360,6
279376,14
279392,22
279408,30
279424,7
279440,15
279456,23
279472,31
279488,0
279504,8
279520,16
279536,24
279552,2
279568,10
279584,18
279600,26
279616,3
279632,11
279648,19
279664,27
279680,4
279696,12
279712,20
279728,28
279744,5
279760,13
279776,21
279792,29
279808,6
279824,14
279840,22
279856,30
279872,7
279888,15
279904,23
279920,31
279936,0
279952,8
279968,16
279984,24
280000,1
280016,9
280032,17
280048,25
280064,3
280080,11
280096,19
280112,27
280128,4
280144,12
280160,20
280176,28
280192,5
280208,13
280224,21
280240,29
280256,6
280272,14
280288,22
280304,30
280320,7
280336,15
280352,23
280368,31
280384,0
280388,0
280392,0
280400,8
280416,16
280432,24
280448,1
280464,9
280480,17
280496,25
280512,2
280528,10
280544,18
280560,26
280576,4
280592,12
280608,20
280624,28
280640,5
280656,13
280672,21
280688,29
280704,6
280720,14
280736,22
280752,30
280768,7
280784,15
280800,23
280816,31
280832,0
280848,8
280864,16
280880,24
280896,1
280912,9
280928,17
280944,25
280960,2
280976,10
280992,18
281008,26
281024,3
281040,11
281056,19
281072,27
281088,5
281104,13
281120,21
281136,29
281152,6
281168,14
281184,22
281200,30
281216,7
281232,15
281248,23
281264,31
281280,0
281296,8
281312,16
281328,24
281344,1
281360,9
281376,17
281392,25
281408,2
281424,10
281440,18
281456,26
281472,3
281488,11
281504,19
281520,27
281536,4
281552,12
281568,20
281584,28
281600,6
281616,14
281632,22
281648,30
281664,7
281680,15
281696,23
281712,31
281728,0
281744,8
281760,16
281776,24
281792,1
281808,9
281824,17
281840,25
281856,2
281872,10
281888,18
281904,26
281920,3
281936,11
281952,19
281968,27
281984,4
282000,12
282016,20
282032,28
282048,5
282064,13
282080,21
282096,29
282112,7
282128,15
282144,23
282160,31
282176,0
282192,8
282208,16
282224,24
282240,1
282256,9
282272,17
282288,25
282304,2
282320,10
282336,18
282352,26
282368,3
282384,11
282400,19
282416,27
282432,4
282448,12
282464,20
282480,28
282496,5
282512,13
282528,21
282544,29
282560,6
282576,14
282592,22
282608,30
282624,0
282640,8
282656,16
282672,24
282688,1
282704,9
282720,17
282736,25
282752,2
282768,10
282784,18
282800,26
282816,3
282832,11
282848,19
282864,27
282880,4
282896,12
282912,20
282928,28
282944,5
282960,13
282976,21
282992,29
283008,6
283024,14
283040,22
283056,30
283072,7
283088,15
283104,23
283120,31
283136,1
283152,9
283168,17
283184,25
283200,2
283216,10
283232,18
283248,26
283264,3
283280,11
283296,19
283312,27
283328,4
283344,12
283360,20
283376,28
283392,5
283408,13
283424,21
283440,29
283456,6
283472,14
283488,22
283504,30
283520,7
283536,15
283552,23
283568,31
283584,0
283600,8
283616,16
283632,24
283648,2
283664,10
283680,18
283696,26
283712,3
283728,11
283744,19
283760,27
283776,4
283792,12
283808,20
283824,28
283840,5
283856,13
283872,21
283888,29
283904,6
283920,14
283936,22
283952,30
283968,7
283984,15
284000,23
284016,31
284032,0
284048,8
284064,16
284080,24
284096,1
284112,9
284128,17
284144,25
284160,3
284176,11
284192,19
284208,27
284224,4
284240,12
284256,20
284272,28
284288,5
284304,13
284320,21
284336,29
284352,6
284356,6
284360,6
284368,14
284384,22
284400,30
284416,7
284420,7
284424,7
284432,15
284448,23
284464,31
284480,0
284484,0
284488,0
284492,0
284496,8
284512,16
284528,24
284544,1
284548,1
284552,1
284560,9
284576,17
284592,25
284608,2
284624,10
284640,18
284656,26
284672,4
284688,12
284704,20
284720,28
284736,5
284752,13
284768,21
284784,29
284800,6
284816,14
284832,22
284848,30
284864,7
284880,15
284896,23
284912,31
284928,0
284944,8
284960,16
284976,24
284992,1
285008,9
285024,17
285040,25
285056,2
285072,10
285088,18
285104,26
285120,3
285136,11
285152,19
285168,27
285184,5
285200,13
285216,21
285232,29
285248,6
285264,14
285280,22
285296,30
285312,7
285328,15
285344,23
285360,31
285376,0
285392,8
285408,16
285424,24
285440,1
285456,9
285472,17
285488,25
285504,2
285520,10
285536,18
285552,26
285568,3
285584,11
285600,19
285616,27
285632,4
285648,12
285664,20
285680,28
285696,6
285712,14
285728,22
285744,30
285760,7
285776,15
285792,23
285808,31
285824,0
285840,8
285856,16
285872,24
285888,1
285904,9
285920,17
285936,25
285952,2
285968,10
285984,18
286000,26
286016,3
286032,11
286048,19
286064,27
286080,4
286096,12
286112,20
286128,28
286144,5
286160,13
286176,21
286192,29
286208,7
286224,15
286240,23
286256,31
286272,0
286288,8
286304,16
286320,24
286336,1
286352,9
286368,17
286384,25
286400,2
286416,10
286432,18
286448,26
286464,3
286480,11
286496,19
286512,27
286528,4
286544,12
286560,20
286576,28
286592,5
286608,13
286624,21
286640,29
286656,6
286672,14
286688,22
286704,30
286720,0
286736,8
286752,16
286768,24
286784,1
286800,9
286816,17
286832,25
286848,2
286864,10
286880,18
286896,26
286912,3
286928,11
286944,19
286960,27
286976,4
286992,12
287008,20
287024,28
287040,5
287056,13
287072,21
287088,29
287104,6
287120,14
287136,22
287152,30
287168,7
287184,15
287200,23
287216,31
287232,1
287248,9
287264,17
287280,25
287296,2
287312,10
287328,18
287344,26
287360,3
287376,11
287392,19
287408,27
287424,4
287440,12
287456,20
287472,28
287488,5
287504,13
287520,21
287536,29
287552,6
287568,14
287584,22
287600,30
287616,7
287632,15
287648,23
287664,31
287680,0
287696,8
287712,16
287728,24
287744,2
287760,10
287776,18
287792,26
287808,3
287824,11
287840,19
287856,27
287872,4
287888,12
287904,20
287920,28
287936,5
287952,13
287968,21
287984,29
288000,6
288016,14
288032,22
288048,30
288064,7
288080,15
288096,23
288112,31
288128,0
288144,8
288160,16
288176,24
288192,1
288208,9
288224,17
288240,25
288256,3
288272,11
288288,19
288304,27
288320,4
288336,12
288352,20
288368,28
288384,5
288400,13
288416,21
288432,29
288448,6
288464,14
288480,22
288496,30
288512,7
288528,15
288544,23
288560,31
288576,0
288592,8
288608,16
288624,24
288640,1
288656,9
288672,17
288688,25
288704,2
288720,10
288736,18
288752,26
288768,4
288784,12
288800,20
288816,28
288832,5
288848,13
288864,21
288880,29
288896,6
288912,14
288928,22
288944,30
288960,7
288976,15
288992,23
289008,31
289024,0
289040,8
289056,16
289072,24
289088,1
289104,9
289120,17
289136,25
289152,2
289168,10
289184,18
289200,26
289216,3
289232,11
289248,19
289264,27
289280,5
289296,13
289312,21
289328,29
289344,6
289360,14
289376,22
289392,30
289408,7
289424,15
289440,23
289456,31
289472,0
289476,0
289480,0
289484,0
289488,8
289492,8
289496,8
289504,16
289520,24
289536,1
289552,9
289568,17
289584,25
289600,2
289616,10
289632,18
289648,26
289664,3
289680,11
289696,19
289712,27
289728,4
289744,12
289760,20
289776,28
289792,6
289808,14
289824,22
289840,30
289856,7
289872,15
289888,23
289904,31
289920,0
289936,8
289952,16
289968,24
289984,1
290000,9
290016,17
290032,25
290048,2
290064,10
290080,18
290096,26
290112,3
290128,11
290144,19
290160,27
290176,4
290192,12
290208,20
290224,28
290240,5
290256,13
290272,21
290288,29
290304,7
290320,15
290336,23
290352,31
290368,0
290384,8
290400,16
290416,24
290432,1
290448,9
290464,17
290480,25
290496,2
290512,10
290528,18
290544,26
290560,3
290576,11
290592,19
290608,27
290624,4
290640,12
290656,20
290672,28
290688,5
290704,13
290720,21
290736,29
290752,6
290768,14
290784,22
290800,30
290816,0
290832,8
290848,16
290864,24
290880,1
290896,9
290912,17
290928,25
290944,2
290960,10
290976,18
290992,26
291008,3
291024,11
291040,19
291056,27
291072,4
291088,12
291104,20
291120,28
291136,5
291152,13
291168,21
291184,29
291200,6
291204,6
291208,6
291212,6
291216,14
291220,14
291224,14
291232,22
291248,30
291264,7
291280,15
291296,23
291312,31
291328,1
291344,9
291360,17
291376,25
291392,2
291408,10
291424,18
291440,26
291456,3
291472,11
291488,19
291504,27
291520,4
291536,12
291552,20
291568,28
291584,5
291600,13
291616,21
291632,29
291648,6
291664,14
291680,22
291696,30
291712,7
291728,15
291744,23
291760,31
291776,0
291792,8
291808,16
291824,24
291840,2
291856,10
291872,18
291888,26
291904,3
291920,11
291936,19
291952,27
291968,4
291984,12
292000,20
292016,28
292032,5
292048,13
292064,21
292080,29
292096,6
292112,14
292128,22
292144,30
292160,7
292176,15
292192,23
292208,31
292224,0
292240,8
292256,16
292272,24
292288,1
292304,9
292320,17
292336,25
292352,3
292368,11
292384,19
292400,27
292416,4
292432,12
292448,20
292464,28
292480,5
292496,13
292512,21
292528,29
292544,6
292560,14
292576,22
292592,30
292608,7
292624,15
292640,23
292656,31
292672,0
292688,8
292704,16
292720,24
292736,1
292752,9
292768,17
292784,25
292800,2
292816,10
292832,18
292848,26
292864,4
292880,12
292896,20
292912,28
292928,5
292944,13
292960,21
292976,29
292992,6
293008,14
293024,22
293040,30
293056,7
293072,15
293088,23
293104,31
293120,0
293136,8
293152,16
293168,24
293184,1
293200,9
293216,17
293232,25
293248,2
293264,10
293280,18
293296,26
293312,3
293328,11
293344,19
293360,27
293376,5
293392,13
293408,21
293424,29
293440,6
293456,14
293472,22
293488,30
293504,7
293520,15
293536,23
293552,31
293568,0
293584,8
293600,16
293616,24
293632,1
293648,9
293664,17
293680,25
293696,2
293712,10
293728,18
293744,26
293760,3
293776,11
293792,19
293808,27
293824,4
293840,12
293856,20
293872,28
293888,6
293904,14
293920,22
293936,30
293952,7
293968,15
293984,23
294000,31
294016,0
294032,8
294048,16
294064,24
294080,1
294096,9
294112,17
294128,25
294144,2
294160,10
294176,18
294192,26
294208,3
294224,11
294240,19
294256,27
294272,4
294288,12
294304,20
294320,28
294336,5
294352,13
294368,21
294384,29
294400,7
294416,15
294432,23
294448,31
294464,0
294480,8
294496,16
294512,24
294528,1
294544,9
294560,17
294576,25
294592,2
294608,10
294624,18
294640,26
294656,3
294672,11
294688,19
294704,27
294720,4
294736,12
294752,20
294768,28
294784,5
294800,13
294816,21
294832,29
294848,6
294864,14
294880,22
294896,30
294912,0
294928,8
294944,16
294960,24
294976,1
294992,9
295008,17
295024,25
295040,2
295056,10
295072,18
295088,26
295104,3
295120,11
295136,19
295152,27
295168,4
295184,12
295200,20
295216,28
295232,5
295248,13
295264,21
295280,29
295296,6
295312,14
295328,22
295344,30
295360,7
295376,15
295392,23
295408,31
295424,1
295440,9
295456,17
295472,25
295488,2
295504,10
295520,18
295536,26
295552,3
295568,11
295584,19
295600,27
295616,4
295632,12
295648,20
295664,28
295680,5
295696,13
295712,21
295728,29
295744,6
295760,14
295776,22
295792,30
295808,7
295824,15
295840,23
295856,31
295872,0
295888,8
295904,16
295920,24
295936,2
295952,10
295968,18
295984,26
296000,3
296016,11
296032,19
296048,27
296064,4
296080,12
296096,20
296112,28
296128,5
296144,13
296160,21
296176,29
296192,6
296208,14
296224,22
296240,30
296256,7
296272,15
296288,23
296304,31
296320,0
296336,8
296352,16
296368,24
296384,1
296400,9
296416,17
296432,25
296448,3
296464,11
296480,19
296496,27
296512,4
296528,12
296544,20
296560,28
296576,5
296592,13
296608,21
296624,29
296640,6
296656,14
296672,22
296688,30
296704,7
296720,15
296736,23
296752,31
296768,0
296784,8
296800,16
296816,24
296832,1
296848,9
296864,17
296880,25
296896,2
296912,10
296928,18
296944,26
296960,4
296976,12
296992,20
297008,28
297024,5
297040,13
297056,21
297072,29
297088,6
297104,14
297120,22
297136,30
297152,7
297168,15
297184,23
297200,31
297216,0
297232,8
297248,16
297264,24
297280,1
297296,9
297312,17
297328,25
297344,2
297360,10
297376,18
297392,26
297408,3
297424,11
297440,19
297456,27
297472,5
297488,13
297504,21
297520,29
297536,6
297552,14
297568,22
297584,30
297600,7
297616,15
297632,23
297648,31
297664,0
297680,8
297696,16
297712,24
297728,1
297744,9
297760,17
297776,25
297792,2
297808,10
297824,18
297840,26
297856,3
297872,11
297888,19
297904,27
297920,4
297936,12
297952,20
297968,28
297984,6
298000,14
298016,22
298032,30
298048,7
298064,15
298080,23
298096,31
298112,0
298128,8
298144,16
298160,24
298176,1
298192,9
298208,17
298224,25
298240,2
298256,10
298272,18
298288,26
298304,3
298320,11
298336,19
298352,27
298368,4
298384,12
298400,20
298416,28
298432,5
298448,13
298464,21
298480,29
298496,7
298512,15
298528,23
298544,31
298560,0
298576,8
298592,16
298608,24
298624,1
298640,9
298656,17
298672,25
298688,2
298704,10
298720,18
298736,26
298752,3
298768,11
298784,19
298800,27
298816,4
298832,12
298848,20
298864,28
298880,5
298896,13
298912,21
298928,29
298944,6
298960,14
298976,22
298992,30
299008,0
299024,8
299040,16
299056,24
299072,1
299088,9
299104,17
299120,25
299136,2
299152,10
299168,18
299184,26
299200,3
299216,11
299232,19
299248,27
299264,4
299280,12
299296,20
299312,28
299328,5
299344,13
299360,21
299376,29
299392,6
299408,14
299424,22
299440,30
299456,7
299472,15
299488,23
299504,31
299520,1
299536,9
299552,17
299568,25
299584,2
299600,10
299616,18
299632,26
299648,3
299664,11
299680,19
299696,27
299712,4
299728,12
299744,20
299760,28
299776,5
299792,13
299808,21
299824,29
299840,6
299856,14
299872,22
299888,30
299904,7
299920,15
299936,23
299952,31
299968,0
299984,8
300000,16
300016,24
300032,2
300048,10
300064,18
300080,26
300096,3
300112,11
300128,19
300144,27
300160,4
300176,12
300192,20
300208,28
300224,5
300240,13
300256,21
300272,29
300288,6
300304,14
300320,22
300336,30
300352,7
300368,15
300384,23
300400,31
300416,0
300432,8
300448,16
300464,24
300480,1
300496,9
300512,17
300528,25
300544,3
300560,11
300576,19
300592,27
300608,4
300624,12
300640,20
300656,28
300672,5
300688,13
300704,21
300720,29
300736,6
300752,14
300768,22
300784,30
300800,7
300816,15
300832,23
300848,31
300864,0
300880,8
300896,16
300912,24
300928,1
300944,9
300960,17
300976,25
300992,2
301008,10
301024,18
301040,26
301056,4
301072,12
301088,20
301104,28
301120,5
301136,13
301152,21
301168,29
301184,6
301200,14
301216,22
301232,30
301248,7
301264,15
301280,23
301296,31
301312,0
301328,8
301344,16
301360,24
301376,1
301392,9
301408,17
301424,25
301440,2
301456,10
301472,18
301488,26
301504,3
301520,11
301536,19
301552,27
301568,5
301584,13
301600,21
301616,29
301632,6
301648,14
301664,22
301680,30
301696,7
301712,15
301728,23
301744,31
301760,0
301776,8
301792,16
301808,24
301824,1
301840,9
301856,17
301872,25
301888,2
301904,10
301920,18
301936,26
301952,3
301968,11
301984,19
302000,27
302016,4
302032,12
302048,20
302064,28
302080,6
302096,14
302112,22
302128,30
302144,7
302160,15
302176,23
302192,31
302208,0
302224,8
302240,16
302256,24
302272,1
302288,9
302304,17
302320,25
302336,2
302352,10
302368,18
302384,26
302400,3
302416,11
302432,19
302448,27
302464,4
302480,12
302496,20
302512,28
302528,5
302544,13
302560,21
302576,29
302592,7
302608,15
302624,23
302640,31
302656,0
302672,8
302688,16
302704,24
302720,1
302736,9
302752,17
302768,25
302784,2
302800,10
302816,18
302832,26
307264,1
307280,9
307456,4
307472,12
307712,1
307728,9
307744,17
307760,25
308160,0
308176,8
311872,2
311888,10
311904,18
311920,26
312032,20
312048,28
313952,22
313968,30
314080,16
314096,24
314144,17
314160,25
314240,3
314256,11
314272,19
314288,27
314400,22
314416,30
314432,7
314448,15
314464,23
314480,31
316224,6
316240,14
326976,3
326992,11
327008,19
327024,27
327040,4
327056,12
327072,20
327088,28
327104,5
327120,13
327136,21
327152,29
327168,7
327184,15
327200,23
327216,31
327232,0
327248,8
327264,16
327280,24
327296,1
327312,9
327328,17
327344,25
327360,2
327376,10
327392,18
327408,26
327424,3
327440,11
327456,19
327472,27
327488,4
327504,12
327520,20
327536,28
327552,5
327568,13
327584,21
327600,29
327616,6
327632,14
327648,22
327664,30
